"Product","ProductHandle","ProductUrl","ImageNumber","SourceUrl","LocalFile"
"Resbro EX Smooth Sheet Mask -  40 sheets","resbro-ex-smooth-sheet-mask-40-sheets","https://sakura-beauty-lab.com/products/resbro-ex-smooth-sheet-mask-40-sheets","1","https://cdn.shopify.com/s/files/1/0866/2931/8961/files/PremiumResbroEXSmoothFaceMask.png?v=1776243520","01 - Resbro EX Smooth Sheet Mask - 40 sheets\001_PremiumResbroEXSmoothFaceMask.png"
"Resbro EX Smooth Sheet Mask -  40 sheets","resbro-ex-smooth-sheet-mask-40-sheets","https://sakura-beauty-lab.com/products/resbro-ex-smooth-sheet-mask-40-sheets","2","https://cdn.shopify.com/s/files/1/0866/2931/8961/files/Premium_Resbro_EX_Smooth_Face_Mask_2.png?v=1776243544","01 - Resbro EX Smooth Sheet Mask - 40 sheets\002_Premium_Resbro_EX_Smooth_Face_Mask_2.png"
"Resbro EX Smooth Sheet Mask -  40 sheets","resbro-ex-smooth-sheet-mask-40-sheets","https://sakura-beauty-lab.com/products/resbro-ex-smooth-sheet-mask-40-sheets","3","https://cdn.shopify.com/s/files/1/0866/2931/8961/files/3_1.png?v=1777368740","01 - Resbro EX Smooth Sheet Mask - 40 sheets\003_3_1.png"
"Resbro EX Smooth Sheet Mask -  40 sheets","resbro-ex-smooth-sheet-mask-40-sheets","https://sakura-beauty-lab.com/products/resbro-ex-smooth-sheet-mask-40-sheets","4","https://cdn.shopify.com/s/files/1/0866/2931/8961/files/Premium_Resbro_EX_Smooth_Face_Mask_4.png?v=1776243545","01 - Resbro EX Smooth Sheet Mask - 40 sheets\004_Premium_Resbro_EX_Smooth_Face_Mask_4.png"
"Resbro EX Smooth Sheet Mask -  40 sheets","resbro-ex-smooth-sheet-mask-40-sheets","https://sakura-beauty-lab.com/products/resbro-ex-smooth-sheet-mask-40-sheets","5","https://cdn.shopify.com/s/files/1/0866/2931/8961/files/Premium_Resbro_EX_Smooth_Face_Mask_5.png?v=1776243544","01 - Resbro EX Smooth Sheet Mask - 40 sheets\005_Premium_Resbro_EX_Smooth_Face_Mask_5.png"
"Resbro EX Smooth Sheet Mask -  40 sheets","resbro-ex-smooth-sheet-mask-40-sheets","https://sakura-beauty-lab.com/products/resbro-ex-smooth-sheet-mask-40-sheets","6","https://cdn.shopify.com/s/files/1/0866/2931/8961/files/Premium_Resbro_EX_Smooth_Face_Mask_6.png?v=1776243546","01 - Resbro EX Smooth Sheet Mask - 40 sheets\006_Premium_Resbro_EX_Smooth_Face_Mask_6.png"
"Resbro EX Smooth Sheet Mask -  40 sheets","resbro-ex-smooth-sheet-mask-40-sheets","https://sakura-beauty-lab.com/products/resbro-ex-smooth-sheet-mask-40-sheets","7","https://cdn.shopify.com/s/files/1/0866/2931/8961/files/Premium_Resbro_EX_Smooth_Face_Mask_7.png?v=1776243546","01 - Resbro EX Smooth Sheet Mask - 40 sheets\007_Premium_Resbro_EX_Smooth_Face_Mask_7.png"
"Resbro EX Smooth Sheet Mask -  40 sheets","resbro-ex-smooth-sheet-mask-40-sheets","https://sakura-beauty-lab.com/products/resbro-ex-smooth-sheet-mask-40-sheets","8","https://cdn.shopify.com/s/files/1/0866/2931/8961/files/Premium_Resbro_EX_Smooth_Face_Mask_8.png?v=1776243545","01 - Resbro EX Smooth Sheet Mask - 40 sheets\008_Premium_Resbro_EX_Smooth_Face_Mask_8.png"
"Resbro EX Smooth Sheet Mask -  40 sheets","resbro-ex-smooth-sheet-mask-40-sheets","https://sakura-beauty-lab.com/products/resbro-ex-smooth-sheet-mask-40-sheets","9","https://cdn.shopify.com/s/files/1/0866/2931/8961/files/Premium_Resbro_EX_Smooth_Face_Mask_9.png?v=1776243543","01 - Resbro EX Smooth Sheet Mask - 40 sheets\009_Premium_Resbro_EX_Smooth_Face_Mask_9.png"
"Zen no Shizuku Sheet Mask ‐ 30 Sheets","zen-no-shizuku-sheet-mask-30-sheets","https://sakura-beauty-lab.com/products/zen-no-shizuku-sheet-mask-30-sheets","1","https://cdn.shopify.com/s/files/1/0866/2931/8961/files/700-1.jpg?v=1740994373","02 - Zen no Shizuku Sheet Mask ‐ 30 Sheets\001_700-1.jpg"
"Zen no Shizuku Sheet Mask ‐ 30 Sheets","zen-no-shizuku-sheet-mask-30-sheets","https://sakura-beauty-lab.com/products/zen-no-shizuku-sheet-mask-30-sheets","2","https://cdn.shopify.com/s/files/1/0866/2931/8961/files/01_1.jpg?v=1740994373","02 - Zen no Shizuku Sheet Mask ‐ 30 Sheets\002_01_1.jpg"
"Zen no Shizuku Sheet Mask ‐ 30 Sheets","zen-no-shizuku-sheet-mask-30-sheets","https://sakura-beauty-lab.com/products/zen-no-shizuku-sheet-mask-30-sheets","3","https://cdn.shopify.com/s/files/1/0866/2931/8961/files/02.jpg?v=1740994373","02 - Zen no Shizuku Sheet Mask ‐ 30 Sheets\003_02.jpg"
"Zen no Shizuku Sheet Mask ‐ 30 Sheets","zen-no-shizuku-sheet-mask-30-sheets","https://sakura-beauty-lab.com/products/zen-no-shizuku-sheet-mask-30-sheets","4","https://cdn.shopify.com/s/files/1/0866/2931/8961/files/03.jpg?v=1740994373","02 - Zen no Shizuku Sheet Mask ‐ 30 Sheets\004_03.jpg"
"Zen no Shizuku Sheet Mask ‐ 30 Sheets","zen-no-shizuku-sheet-mask-30-sheets","https://sakura-beauty-lab.com/products/zen-no-shizuku-sheet-mask-30-sheets","5","https://cdn.shopify.com/s/files/1/0866/2931/8961/files/04.jpg?v=1740994373","02 - Zen no Shizuku Sheet Mask ‐ 30 Sheets\005_04.jpg"
"TUNEUP Niacinamide Daily Clear Sheet Mask - 7 Pieces","tuneup-niacinamide-daily-clear-sheet-mask-7-pieces","https://sakura-beauty-lab.com/products/tuneup-niacinamide-daily-clear-sheet-mask-7-pieces","1","https://cdn.shopify.com/s/files/1/0866/2931/8961/files/1000-2.jpg?v=1713869877","03 - TUNEUP Niacinamide Daily Clear Sheet Mask - 7 Pieces\001_1000-2.jpg"
"TUNEUP Niacinamide Daily Clear Sheet Mask - 7 Pieces","tuneup-niacinamide-daily-clear-sheet-mask-7-pieces","https://sakura-beauty-lab.com/products/tuneup-niacinamide-daily-clear-sheet-mask-7-pieces","2","https://cdn.shopify.com/s/files/1/0866/2931/8961/files/10.png?v=1719481306","03 - TUNEUP Niacinamide Daily Clear Sheet Mask - 7 Pieces\002_10.png"
"TUNEUP Niacinamide Daily Clear Sheet Mask - 7 Pieces","tuneup-niacinamide-daily-clear-sheet-mask-7-pieces","https://sakura-beauty-lab.com/products/tuneup-niacinamide-daily-clear-sheet-mask-7-pieces","3","https://cdn.shopify.com/s/files/1/0866/2931/8961/files/18c10cdf15f8b9ff374d450a719e5d6f_fa8dd8d0-1fb4-40d3-a9c1-9e30a0284665.png?v=1719481318","03 - TUNEUP Niacinamide Daily Clear Sheet Mask - 7 Pieces\003_18c10cdf15f8b9ff374d450a719e5d6f_fa8dd8d0-1fb4-40d3-a9c1-9e30a0284665.png"
"TUNEUP Niacinamide Daily Clear Sheet Mask - 7 Pieces","tuneup-niacinamide-daily-clear-sheet-mask-7-pieces","https://sakura-beauty-lab.com/products/tuneup-niacinamide-daily-clear-sheet-mask-7-pieces","4","https://cdn.shopify.com/s/files/1/0866/2931/8961/files/2_f8e3935e-ddd2-435a-b699-a82b84fdd638.png?v=1719481318","03 - TUNEUP Niacinamide Daily Clear Sheet Mask - 7 Pieces\004_2_f8e3935e-ddd2-435a-b699-a82b84fdd638.png"
"TUNEUP Niacinamide Daily Clear Sheet Mask - 7 Pieces","tuneup-niacinamide-daily-clear-sheet-mask-7-pieces","https://sakura-beauty-lab.com/products/tuneup-niacinamide-daily-clear-sheet-mask-7-pieces","5","https://cdn.shopify.com/s/files/1/0866/2931/8961/files/3_18de7acb-6ff5-4f19-a173-977a4d1a7611.png?v=1719481318","03 - TUNEUP Niacinamide Daily Clear Sheet Mask - 7 Pieces\005_3_18de7acb-6ff5-4f19-a173-977a4d1a7611.png"
"TUNEUP Niacinamide Daily Clear Sheet Mask - 7 Pieces","tuneup-niacinamide-daily-clear-sheet-mask-7-pieces","https://sakura-beauty-lab.com/products/tuneup-niacinamide-daily-clear-sheet-mask-7-pieces","6","https://cdn.shopify.com/s/files/1/0866/2931/8961/files/4_4cec618d-c064-4800-b6c0-9144aca70c95.png?v=1719481318","03 - TUNEUP Niacinamide Daily Clear Sheet Mask - 7 Pieces\006_4_4cec618d-c064-4800-b6c0-9144aca70c95.png"
"TUNEUP Niacinamide Daily Clear Sheet Mask - 7 Pieces","tuneup-niacinamide-daily-clear-sheet-mask-7-pieces","https://sakura-beauty-lab.com/products/tuneup-niacinamide-daily-clear-sheet-mask-7-pieces","7","https://cdn.shopify.com/s/files/1/0866/2931/8961/files/5_d1a1f822-ba18-435a-86e6-dce99742ab4e.png?v=1719481318","03 - TUNEUP Niacinamide Daily Clear Sheet Mask - 7 Pieces\007_5_d1a1f822-ba18-435a-86e6-dce99742ab4e.png"
"TUNEUP Niacinamide Daily Clear Sheet Mask - 7 Pieces","tuneup-niacinamide-daily-clear-sheet-mask-7-pieces","https://sakura-beauty-lab.com/products/tuneup-niacinamide-daily-clear-sheet-mask-7-pieces","8","https://cdn.shopify.com/s/files/1/0866/2931/8961/files/6_25a9eda1-8ece-4ce6-b93d-08d751ec3b10.png?v=1719481318","03 - TUNEUP Niacinamide Daily Clear Sheet Mask - 7 Pieces\008_6_25a9eda1-8ece-4ce6-b93d-08d751ec3b10.png"
"TUNEUP Niacinamide Daily Clear Sheet Mask - 7 Pieces","tuneup-niacinamide-daily-clear-sheet-mask-7-pieces","https://sakura-beauty-lab.com/products/tuneup-niacinamide-daily-clear-sheet-mask-7-pieces","9","https://cdn.shopify.com/s/files/1/0866/2931/8961/files/7_95577e84-104d-4322-9d40-cfef7f1dc7b2.png?v=1719481318","03 - TUNEUP Niacinamide Daily Clear Sheet Mask - 7 Pieces\009_7_95577e84-104d-4322-9d40-cfef7f1dc7b2.png"
"TUNEUP Niacinamide Daily Clear Sheet Mask - 36 Pieces","tuneup-niacinamide-daily-clear-sheet-mask-36-pieces","https://sakura-beauty-lab.com/products/tuneup-niacinamide-daily-clear-sheet-mask-36-pieces","1","https://cdn.shopify.com/s/files/1/0866/2931/8961/files/4-1.jpg?v=1711707028","04 - TUNEUP Niacinamide Daily Clear Sheet Mask - 36 Pieces\001_4-1.jpg"
"TUNEUP Niacinamide Daily Clear Sheet Mask - 36 Pieces","tuneup-niacinamide-daily-clear-sheet-mask-36-pieces","https://sakura-beauty-lab.com/products/tuneup-niacinamide-daily-clear-sheet-mask-36-pieces","2","https://cdn.shopify.com/s/files/1/0866/2931/8961/files/9_89b2e9d1-a514-4983-9984-2e4fcf7479ca.png?v=1719481267","04 - TUNEUP Niacinamide Daily Clear Sheet Mask - 36 Pieces\002_9_89b2e9d1-a514-4983-9984-2e4fcf7479ca.png"
"TUNEUP Niacinamide Daily Clear Sheet Mask - 36 Pieces","tuneup-niacinamide-daily-clear-sheet-mask-36-pieces","https://sakura-beauty-lab.com/products/tuneup-niacinamide-daily-clear-sheet-mask-36-pieces","3","https://cdn.shopify.com/s/files/1/0866/2931/8961/files/18c10cdf15f8b9ff374d450a719e5d6f_c892343b-2b06-40e7-ace1-6ed5eaf596e2.png?v=1719481267","04 - TUNEUP Niacinamide Daily Clear Sheet Mask - 36 Pieces\003_18c10cdf15f8b9ff374d450a719e5d6f_c892343b-2b06-40e7-ace1-6ed5eaf596e2.png"
"TUNEUP Niacinamide Daily Clear Sheet Mask - 36 Pieces","tuneup-niacinamide-daily-clear-sheet-mask-36-pieces","https://sakura-beauty-lab.com/products/tuneup-niacinamide-daily-clear-sheet-mask-36-pieces","4","https://cdn.shopify.com/s/files/1/0866/2931/8961/files/2_f1c54500-1da6-4bae-af74-602f4f2bf7bf.png?v=1719481267","04 - TUNEUP Niacinamide Daily Clear Sheet Mask - 36 Pieces\004_2_f1c54500-1da6-4bae-af74-602f4f2bf7bf.png"
"TUNEUP Niacinamide Daily Clear Sheet Mask - 36 Pieces","tuneup-niacinamide-daily-clear-sheet-mask-36-pieces","https://sakura-beauty-lab.com/products/tuneup-niacinamide-daily-clear-sheet-mask-36-pieces","5","https://cdn.shopify.com/s/files/1/0866/2931/8961/files/3_42c14e96-0752-4853-ad6c-54f19a1d1cf0.png?v=1719481267","04 - TUNEUP Niacinamide Daily Clear Sheet Mask - 36 Pieces\005_3_42c14e96-0752-4853-ad6c-54f19a1d1cf0.png"
"TUNEUP Niacinamide Daily Clear Sheet Mask - 36 Pieces","tuneup-niacinamide-daily-clear-sheet-mask-36-pieces","https://sakura-beauty-lab.com/products/tuneup-niacinamide-daily-clear-sheet-mask-36-pieces","6","https://cdn.shopify.com/s/files/1/0866/2931/8961/files/4_c7d9dacb-f0f5-40ef-9fb9-bbada334eec0.png?v=1719481267","04 - TUNEUP Niacinamide Daily Clear Sheet Mask - 36 Pieces\006_4_c7d9dacb-f0f5-40ef-9fb9-bbada334eec0.png"
"TUNEUP Niacinamide Daily Clear Sheet Mask - 36 Pieces","tuneup-niacinamide-daily-clear-sheet-mask-36-pieces","https://sakura-beauty-lab.com/products/tuneup-niacinamide-daily-clear-sheet-mask-36-pieces","7","https://cdn.shopify.com/s/files/1/0866/2931/8961/files/5_f588d862-85df-4de3-a397-f5fc0ef84154.png?v=1719481267","04 - TUNEUP Niacinamide Daily Clear Sheet Mask - 36 Pieces\007_5_f588d862-85df-4de3-a397-f5fc0ef84154.png"
"TUNEUP Niacinamide Daily Clear Sheet Mask - 36 Pieces","tuneup-niacinamide-daily-clear-sheet-mask-36-pieces","https://sakura-beauty-lab.com/products/tuneup-niacinamide-daily-clear-sheet-mask-36-pieces","8","https://cdn.shopify.com/s/files/1/0866/2931/8961/files/6_ec751013-8328-4152-b9b3-023ba86b6a49.png?v=1719481267","04 - TUNEUP Niacinamide Daily Clear Sheet Mask - 36 Pieces\008_6_ec751013-8328-4152-b9b3-023ba86b6a49.png"
"TUNEUP Niacinamide Daily Clear Sheet Mask - 36 Pieces","tuneup-niacinamide-daily-clear-sheet-mask-36-pieces","https://sakura-beauty-lab.com/products/tuneup-niacinamide-daily-clear-sheet-mask-36-pieces","9","https://cdn.shopify.com/s/files/1/0866/2931/8961/files/7_4e41417c-afa4-485b-beb4-89aadf59c731.png?v=1719481267","04 - TUNEUP Niacinamide Daily Clear Sheet Mask - 36 Pieces\009_7_4e41417c-afa4-485b-beb4-89aadf59c731.png"
"TUNEUP Niacinamide Daily Clear Sheet Mask - 36 Pieces","tuneup-niacinamide-daily-clear-sheet-mask-36-pieces","https://sakura-beauty-lab.com/products/tuneup-niacinamide-daily-clear-sheet-mask-36-pieces","10","https://cdn.shopify.com/s/files/1/0866/2931/8961/files/81xgwSNpliL._AC_SL1500.jpg?v=1719481267","04 - TUNEUP Niacinamide Daily Clear Sheet Mask - 36 Pieces\010_81xgwSNpliL._AC_SL1500.jpg"
"TUNEUP Niacinamide Daily Clear Sheet Mask - 36 Pieces","tuneup-niacinamide-daily-clear-sheet-mask-36-pieces","https://sakura-beauty-lab.com/products/tuneup-niacinamide-daily-clear-sheet-mask-36-pieces","11","https://cdn.shopify.com/s/files/1/0866/2931/8961/files/item01_30.jpg?v=1719481267","04 - TUNEUP Niacinamide Daily Clear Sheet Mask - 36 Pieces\011_item01_30.jpg"
"TUNEUP Dokudami Daily Protection Sheet Mask - 7 Pieces","tuneup-dokudami-daily-protection-sheet-mask-7-pieces","https://sakura-beauty-lab.com/products/tuneup-dokudami-daily-protection-sheet-mask-7-pieces","1","https://cdn.shopify.com/s/files/1/0866/2931/8961/files/1000-1.jpg?v=1713869830","05 - TUNEUP Dokudami Daily Protection Sheet Mask - 7 Pieces\001_1000-1.jpg"
"TUNEUP Dokudami Daily Protection Sheet Mask - 7 Pieces","tuneup-dokudami-daily-protection-sheet-mask-7-pieces","https://sakura-beauty-lab.com/products/tuneup-dokudami-daily-protection-sheet-mask-7-pieces","2","https://cdn.shopify.com/s/files/1/0866/2931/8961/files/11.png?v=1719481379","05 - TUNEUP Dokudami Daily Protection Sheet Mask - 7 Pieces\002_11.png"
"TUNEUP Dokudami Daily Protection Sheet Mask - 7 Pieces","tuneup-dokudami-daily-protection-sheet-mask-7-pieces","https://sakura-beauty-lab.com/products/tuneup-dokudami-daily-protection-sheet-mask-7-pieces","3","https://cdn.shopify.com/s/files/1/0866/2931/8961/files/2_9fed9247-c4b7-4de1-bc81-07083078bbd0.png?v=1737979605","05 - TUNEUP Dokudami Daily Protection Sheet Mask - 7 Pieces\003_2_9fed9247-c4b7-4de1-bc81-07083078bbd0.png"
"TUNEUP Dokudami Daily Protection Sheet Mask - 7 Pieces","tuneup-dokudami-daily-protection-sheet-mask-7-pieces","https://sakura-beauty-lab.com/products/tuneup-dokudami-daily-protection-sheet-mask-7-pieces","4","https://cdn.shopify.com/s/files/1/0866/2931/8961/files/2_3a5ff793-e1a6-426e-82c9-81aad8bfef79.png?v=1737979605","05 - TUNEUP Dokudami Daily Protection Sheet Mask - 7 Pieces\004_2_3a5ff793-e1a6-426e-82c9-81aad8bfef79.png"
"TUNEUP Dokudami Daily Protection Sheet Mask - 7 Pieces","tuneup-dokudami-daily-protection-sheet-mask-7-pieces","https://sakura-beauty-lab.com/products/tuneup-dokudami-daily-protection-sheet-mask-7-pieces","5","https://cdn.shopify.com/s/files/1/0866/2931/8961/files/3_e3029177-d971-4ae0-a3d0-06276a58032a.png?v=1737979605","05 - TUNEUP Dokudami Daily Protection Sheet Mask - 7 Pieces\005_3_e3029177-d971-4ae0-a3d0-06276a58032a.png"
"TUNEUP Dokudami Daily Protection Sheet Mask - 7 Pieces","tuneup-dokudami-daily-protection-sheet-mask-7-pieces","https://sakura-beauty-lab.com/products/tuneup-dokudami-daily-protection-sheet-mask-7-pieces","6","https://cdn.shopify.com/s/files/1/0866/2931/8961/files/3_8c3affcc-768a-4d98-a826-49abf05d6b46.png?v=1737979605","05 - TUNEUP Dokudami Daily Protection Sheet Mask - 7 Pieces\006_3_8c3affcc-768a-4d98-a826-49abf05d6b46.png"
"TUNEUP Dokudami Daily Protection Sheet Mask - 7 Pieces","tuneup-dokudami-daily-protection-sheet-mask-7-pieces","https://sakura-beauty-lab.com/products/tuneup-dokudami-daily-protection-sheet-mask-7-pieces","7","https://cdn.shopify.com/s/files/1/0866/2931/8961/files/4_4e1dd3bf-ca88-4897-9910-9759359b0213.png?v=1737979605","05 - TUNEUP Dokudami Daily Protection Sheet Mask - 7 Pieces\007_4_4e1dd3bf-ca88-4897-9910-9759359b0213.png"
"TUNEUP Dokudami Daily Protection Sheet Mask - 7 Pieces","tuneup-dokudami-daily-protection-sheet-mask-7-pieces","https://sakura-beauty-lab.com/products/tuneup-dokudami-daily-protection-sheet-mask-7-pieces","8","https://cdn.shopify.com/s/files/1/0866/2931/8961/files/5_7589cd5a-8f80-445d-a4c1-9d5426b62993.png?v=1737979605","05 - TUNEUP Dokudami Daily Protection Sheet Mask - 7 Pieces\008_5_7589cd5a-8f80-445d-a4c1-9d5426b62993.png"
"TUNEUP Dokudami Daily Protection Sheet Mask - 7 Pieces","tuneup-dokudami-daily-protection-sheet-mask-7-pieces","https://sakura-beauty-lab.com/products/tuneup-dokudami-daily-protection-sheet-mask-7-pieces","9","https://cdn.shopify.com/s/files/1/0866/2931/8961/files/6_d0aaec0e-478f-43c8-966a-2f02f847cfbb.png?v=1737979605","05 - TUNEUP Dokudami Daily Protection Sheet Mask - 7 Pieces\009_6_d0aaec0e-478f-43c8-966a-2f02f847cfbb.png"
"TUNEUP Dokudami Daily Protection Sheet Mask - 36 Pieces","tuneup-dokudami-daily-protection-sheet-mask-36-pieces","https://sakura-beauty-lab.com/products/tuneup-dokudami-daily-protection-sheet-mask-36-pieces","1","https://cdn.shopify.com/s/files/1/0866/2931/8961/files/4-4.jpg?v=1713869120","06 - TUNEUP Dokudami Daily Protection Sheet Mask - 36 Pieces\001_4-4.jpg"
"TUNEUP Dokudami Daily Protection Sheet Mask - 36 Pieces","tuneup-dokudami-daily-protection-sheet-mask-36-pieces","https://sakura-beauty-lab.com/products/tuneup-dokudami-daily-protection-sheet-mask-36-pieces","2","https://cdn.shopify.com/s/files/1/0866/2931/8961/files/12_eff1f476-eff6-435a-93b9-b0e7a6342580.png?v=1719481354","06 - TUNEUP Dokudami Daily Protection Sheet Mask - 36 Pieces\002_12_eff1f476-eff6-435a-93b9-b0e7a6342580.png"
"TUNEUP Dokudami Daily Protection Sheet Mask - 36 Pieces","tuneup-dokudami-daily-protection-sheet-mask-36-pieces","https://sakura-beauty-lab.com/products/tuneup-dokudami-daily-protection-sheet-mask-36-pieces","3","https://cdn.shopify.com/s/files/1/0866/2931/8961/files/18c10cdf15f8b9ff374d450a719e5d6f_f6256675-8698-4866-a4a5-43e876d03fb5.png?v=1719479097","06 - TUNEUP Dokudami Daily Protection Sheet Mask - 36 Pieces\003_18c10cdf15f8b9ff374d450a719e5d6f_f6256675-8698-4866-a4a5-43e876d03fb5.png"
"TUNEUP Dokudami Daily Protection Sheet Mask - 36 Pieces","tuneup-dokudami-daily-protection-sheet-mask-36-pieces","https://sakura-beauty-lab.com/products/tuneup-dokudami-daily-protection-sheet-mask-36-pieces","4","https://cdn.shopify.com/s/files/1/0866/2931/8961/files/2_3a5ff793-e1a6-426e-82c9-81aad8bfef79.png?v=1737979605","06 - TUNEUP Dokudami Daily Protection Sheet Mask - 36 Pieces\004_2_3a5ff793-e1a6-426e-82c9-81aad8bfef79.png"
"TUNEUP Dokudami Daily Protection Sheet Mask - 36 Pieces","tuneup-dokudami-daily-protection-sheet-mask-36-pieces","https://sakura-beauty-lab.com/products/tuneup-dokudami-daily-protection-sheet-mask-36-pieces","5","https://cdn.shopify.com/s/files/1/0866/2931/8961/files/3_e3029177-d971-4ae0-a3d0-06276a58032a.png?v=1737979605","06 - TUNEUP Dokudami Daily Protection Sheet Mask - 36 Pieces\005_3_e3029177-d971-4ae0-a3d0-06276a58032a.png"
"TUNEUP Dokudami Daily Protection Sheet Mask - 36 Pieces","tuneup-dokudami-daily-protection-sheet-mask-36-pieces","https://sakura-beauty-lab.com/products/tuneup-dokudami-daily-protection-sheet-mask-36-pieces","6","https://cdn.shopify.com/s/files/1/0866/2931/8961/files/3_8c3affcc-768a-4d98-a826-49abf05d6b46.png?v=1737979605","06 - TUNEUP Dokudami Daily Protection Sheet Mask - 36 Pieces\006_3_8c3affcc-768a-4d98-a826-49abf05d6b46.png"
"TUNEUP Dokudami Daily Protection Sheet Mask - 36 Pieces","tuneup-dokudami-daily-protection-sheet-mask-36-pieces","https://sakura-beauty-lab.com/products/tuneup-dokudami-daily-protection-sheet-mask-36-pieces","7","https://cdn.shopify.com/s/files/1/0866/2931/8961/files/4_4e1dd3bf-ca88-4897-9910-9759359b0213.png?v=1737979605","06 - TUNEUP Dokudami Daily Protection Sheet Mask - 36 Pieces\007_4_4e1dd3bf-ca88-4897-9910-9759359b0213.png"
"TUNEUP Dokudami Daily Protection Sheet Mask - 36 Pieces","tuneup-dokudami-daily-protection-sheet-mask-36-pieces","https://sakura-beauty-lab.com/products/tuneup-dokudami-daily-protection-sheet-mask-36-pieces","8","https://cdn.shopify.com/s/files/1/0866/2931/8961/files/5_7589cd5a-8f80-445d-a4c1-9d5426b62993.png?v=1737979605","06 - TUNEUP Dokudami Daily Protection Sheet Mask - 36 Pieces\008_5_7589cd5a-8f80-445d-a4c1-9d5426b62993.png"
"TUNEUP Dokudami Daily Protection Sheet Mask - 36 Pieces","tuneup-dokudami-daily-protection-sheet-mask-36-pieces","https://sakura-beauty-lab.com/products/tuneup-dokudami-daily-protection-sheet-mask-36-pieces","9","https://cdn.shopify.com/s/files/1/0866/2931/8961/files/6_d0aaec0e-478f-43c8-966a-2f02f847cfbb.png?v=1737979605","06 - TUNEUP Dokudami Daily Protection Sheet Mask - 36 Pieces\009_6_d0aaec0e-478f-43c8-966a-2f02f847cfbb.png"
"TUNEUP Dokudami Daily Protection Sheet Mask - 36 Pieces","tuneup-dokudami-daily-protection-sheet-mask-36-pieces","https://sakura-beauty-lab.com/products/tuneup-dokudami-daily-protection-sheet-mask-36-pieces","10","https://cdn.shopify.com/s/files/1/0866/2931/8961/files/81NNazgku8L._AC_SL1500.jpg?v=1719481354","06 - TUNEUP Dokudami Daily Protection Sheet Mask - 36 Pieces\010_81NNazgku8L._AC_SL1500.jpg"
"TUNEUP Dokudami Daily Protection Sheet Mask - 36 Pieces","tuneup-dokudami-daily-protection-sheet-mask-36-pieces","https://sakura-beauty-lab.com/products/tuneup-dokudami-daily-protection-sheet-mask-36-pieces","11","https://cdn.shopify.com/s/files/1/0866/2931/8961/files/4-5.jpg?v=1719481354","06 - TUNEUP Dokudami Daily Protection Sheet Mask - 36 Pieces\011_4-5.jpg"
"TEMOGEY Daily Moisture Sheet Mask Red Propolis - 30 Pieces","temogey-daily-moisture-sheet-mask-red-propolis-30-pieces","https://sakura-beauty-lab.com/products/temogey-daily-moisture-sheet-mask-red-propolis-30-pieces","1","https://cdn.shopify.com/s/files/1/0866/2931/8961/files/2-8.jpg?v=1711706928","07 - TEMOGEY Daily Moisture Sheet Mask Red Propolis - 30 Pieces\001_2-8.jpg"
"TEMOGEY Daily Moisture Sheet Mask Red Propolis - 30 Pieces","temogey-daily-moisture-sheet-mask-red-propolis-30-pieces","https://sakura-beauty-lab.com/products/temogey-daily-moisture-sheet-mask-red-propolis-30-pieces","2","https://cdn.shopify.com/s/files/1/0866/2931/8961/files/18c10cdf15f8b9ff374d450a719e5d6f_0f12eaa2-fe66-4a5e-82ef-f85c27c4ec4e.png?v=1719549970","07 - TEMOGEY Daily Moisture Sheet Mask Red Propolis - 30 Pieces\002_18c10cdf15f8b9ff374d450a719e5d6f_0f12eaa2-fe66-4a5e-82ef-f85c27c4ec4e.png"
"TEMOGEY Daily Moisture Sheet Mask Red Propolis - 30 Pieces","temogey-daily-moisture-sheet-mask-red-propolis-30-pieces","https://sakura-beauty-lab.com/products/temogey-daily-moisture-sheet-mask-red-propolis-30-pieces","3","https://cdn.shopify.com/s/files/1/0866/2931/8961/files/1-2_dc9ad5ba-10be-4a9f-8226-19bf6233cf2b.png?v=1719549998","07 - TEMOGEY Daily Moisture Sheet Mask Red Propolis - 30 Pieces\003_1-2_dc9ad5ba-10be-4a9f-8226-19bf6233cf2b.png"
"TEMOGEY Daily Moisture Sheet Mask Red Propolis - 30 Pieces","temogey-daily-moisture-sheet-mask-red-propolis-30-pieces","https://sakura-beauty-lab.com/products/temogey-daily-moisture-sheet-mask-red-propolis-30-pieces","4","https://cdn.shopify.com/s/files/1/0866/2931/8961/files/2_9b6d2531-925b-4ec6-9617-ff1f46248175.png?v=1719549998","07 - TEMOGEY Daily Moisture Sheet Mask Red Propolis - 30 Pieces\004_2_9b6d2531-925b-4ec6-9617-ff1f46248175.png"
"TEMOGEY Daily Moisture Sheet Mask Red Propolis - 30 Pieces","temogey-daily-moisture-sheet-mask-red-propolis-30-pieces","https://sakura-beauty-lab.com/products/temogey-daily-moisture-sheet-mask-red-propolis-30-pieces","5","https://cdn.shopify.com/s/files/1/0866/2931/8961/files/3_0385d8c8-aab3-45f7-a90f-a74a9bef70b4.png?v=1719549998","07 - TEMOGEY Daily Moisture Sheet Mask Red Propolis - 30 Pieces\005_3_0385d8c8-aab3-45f7-a90f-a74a9bef70b4.png"
"TEMOGEY Daily Moisture Sheet Mask Red Propolis - 30 Pieces","temogey-daily-moisture-sheet-mask-red-propolis-30-pieces","https://sakura-beauty-lab.com/products/temogey-daily-moisture-sheet-mask-red-propolis-30-pieces","6","https://cdn.shopify.com/s/files/1/0866/2931/8961/files/4_49f1bceb-3fcc-4ea5-8c2b-5cea100b8c02.png?v=1719549998","07 - TEMOGEY Daily Moisture Sheet Mask Red Propolis - 30 Pieces\006_4_49f1bceb-3fcc-4ea5-8c2b-5cea100b8c02.png"
"TEMOGEY Daily Moisture Sheet Mask Red Propolis - 30 Pieces","temogey-daily-moisture-sheet-mask-red-propolis-30-pieces","https://sakura-beauty-lab.com/products/temogey-daily-moisture-sheet-mask-red-propolis-30-pieces","7","https://cdn.shopify.com/s/files/1/0866/2931/8961/files/6_354b9a1e-dcf5-40b2-942e-6d43aefe49ff.png?v=1719549998","07 - TEMOGEY Daily Moisture Sheet Mask Red Propolis - 30 Pieces\007_6_354b9a1e-dcf5-40b2-942e-6d43aefe49ff.png"
"TEMOGEY Daily Moisture Sheet Mask Red Propolis - 30 Pieces","temogey-daily-moisture-sheet-mask-red-propolis-30-pieces","https://sakura-beauty-lab.com/products/temogey-daily-moisture-sheet-mask-red-propolis-30-pieces","8","https://cdn.shopify.com/s/files/1/0866/2931/8961/files/7_3ddeffc8-5c0c-44b3-bec8-e39647663a20.png?v=1719549998","07 - TEMOGEY Daily Moisture Sheet Mask Red Propolis - 30 Pieces\008_7_3ddeffc8-5c0c-44b3-bec8-e39647663a20.png"
"TEMOGEY Daily Moisture Sheet Mask Red Propolis - 30 Pieces","temogey-daily-moisture-sheet-mask-red-propolis-30-pieces","https://sakura-beauty-lab.com/products/temogey-daily-moisture-sheet-mask-red-propolis-30-pieces","9","https://cdn.shopify.com/s/files/1/0866/2931/8961/files/8_9630d384-7427-4e5d-8916-a923fddb44e4.png?v=1719549998","07 - TEMOGEY Daily Moisture Sheet Mask Red Propolis - 30 Pieces\009_8_9630d384-7427-4e5d-8916-a923fddb44e4.png"
"TEMOGEY Daily Moisture Sheet Mask Red Propolis - 30 Pieces","temogey-daily-moisture-sheet-mask-red-propolis-30-pieces","https://sakura-beauty-lab.com/products/temogey-daily-moisture-sheet-mask-red-propolis-30-pieces","10","https://cdn.shopify.com/s/files/1/0866/2931/8961/files/6_848b0c1d-d4f7-4229-8cb0-c212500fd707.png?v=1719549998","07 - TEMOGEY Daily Moisture Sheet Mask Red Propolis - 30 Pieces\010_6_848b0c1d-d4f7-4229-8cb0-c212500fd707.png"
"TEMOGEY Daily Moisture Sheet Mask Red Propolis - 7 Pieces","temogey-daily-moisture-sheet-mask-red-propolis-7-pieces","https://sakura-beauty-lab.com/products/temogey-daily-moisture-sheet-mask-red-propolis-7-pieces","1","https://cdn.shopify.com/s/files/1/0866/2931/8961/files/2-7.jpg?v=1711706852","08 - TEMOGEY Daily Moisture Sheet Mask Red Propolis - 7 Pieces\001_2-7.jpg"
"TEMOGEY Daily Moisture Sheet Mask Red Propolis - 7 Pieces","temogey-daily-moisture-sheet-mask-red-propolis-7-pieces","https://sakura-beauty-lab.com/products/temogey-daily-moisture-sheet-mask-red-propolis-7-pieces","2","https://cdn.shopify.com/s/files/1/0866/2931/8961/files/8_252b2488-4767-4d8a-9fd2-54d3f60d1592.png?v=1719550220","08 - TEMOGEY Daily Moisture Sheet Mask Red Propolis - 7 Pieces\002_8_252b2488-4767-4d8a-9fd2-54d3f60d1592.png"
"TEMOGEY Daily Moisture Sheet Mask Red Propolis - 7 Pieces","temogey-daily-moisture-sheet-mask-red-propolis-7-pieces","https://sakura-beauty-lab.com/products/temogey-daily-moisture-sheet-mask-red-propolis-7-pieces","3","https://cdn.shopify.com/s/files/1/0866/2931/8961/files/1-2_0517137e-df6c-4fb4-b605-701c941e992a.png?v=1719550220","08 - TEMOGEY Daily Moisture Sheet Mask Red Propolis - 7 Pieces\003_1-2_0517137e-df6c-4fb4-b605-701c941e992a.png"
"TEMOGEY Daily Moisture Sheet Mask Red Propolis - 7 Pieces","temogey-daily-moisture-sheet-mask-red-propolis-7-pieces","https://sakura-beauty-lab.com/products/temogey-daily-moisture-sheet-mask-red-propolis-7-pieces","4","https://cdn.shopify.com/s/files/1/0866/2931/8961/files/2_9b6d2531-925b-4ec6-9617-ff1f46248175.png?v=1719549998","08 - TEMOGEY Daily Moisture Sheet Mask Red Propolis - 7 Pieces\004_2_9b6d2531-925b-4ec6-9617-ff1f46248175.png"
"TEMOGEY Daily Moisture Sheet Mask Red Propolis - 7 Pieces","temogey-daily-moisture-sheet-mask-red-propolis-7-pieces","https://sakura-beauty-lab.com/products/temogey-daily-moisture-sheet-mask-red-propolis-7-pieces","5","https://cdn.shopify.com/s/files/1/0866/2931/8961/files/3_0385d8c8-aab3-45f7-a90f-a74a9bef70b4.png?v=1719549998","08 - TEMOGEY Daily Moisture Sheet Mask Red Propolis - 7 Pieces\005_3_0385d8c8-aab3-45f7-a90f-a74a9bef70b4.png"
"TEMOGEY Daily Moisture Sheet Mask Red Propolis - 7 Pieces","temogey-daily-moisture-sheet-mask-red-propolis-7-pieces","https://sakura-beauty-lab.com/products/temogey-daily-moisture-sheet-mask-red-propolis-7-pieces","6","https://cdn.shopify.com/s/files/1/0866/2931/8961/files/2_64f59188-fb51-484c-8038-122ce7fdf0db.png?v=1719550220","08 - TEMOGEY Daily Moisture Sheet Mask Red Propolis - 7 Pieces\006_2_64f59188-fb51-484c-8038-122ce7fdf0db.png"
"TEMOGEY Daily Moisture Sheet Mask Red Propolis - 7 Pieces","temogey-daily-moisture-sheet-mask-red-propolis-7-pieces","https://sakura-beauty-lab.com/products/temogey-daily-moisture-sheet-mask-red-propolis-7-pieces","7","https://cdn.shopify.com/s/files/1/0866/2931/8961/files/7_d786f540-5e82-4685-821b-bcd859d7f6e7.png?v=1719549760","08 - TEMOGEY Daily Moisture Sheet Mask Red Propolis - 7 Pieces\007_7_d786f540-5e82-4685-821b-bcd859d7f6e7.png"
"TEMOGEY Daily Moisture Sheet Mask Red Propolis - 7 Pieces","temogey-daily-moisture-sheet-mask-red-propolis-7-pieces","https://sakura-beauty-lab.com/products/temogey-daily-moisture-sheet-mask-red-propolis-7-pieces","8","https://cdn.shopify.com/s/files/1/0866/2931/8961/files/7_acbd5158-1aa5-499f-960b-ab42b0346e79.png?v=1719549760","08 - TEMOGEY Daily Moisture Sheet Mask Red Propolis - 7 Pieces\008_7_acbd5158-1aa5-499f-960b-ab42b0346e79.png"
"TEMOGEY Daily Moisture Sheet Mask Red Propolis - 7 Pieces","temogey-daily-moisture-sheet-mask-red-propolis-7-pieces","https://sakura-beauty-lab.com/products/temogey-daily-moisture-sheet-mask-red-propolis-7-pieces","9","https://cdn.shopify.com/s/files/1/0866/2931/8961/files/8_fc155bcc-1424-4522-813b-0ccce377a445.png?v=1719549760","08 - TEMOGEY Daily Moisture Sheet Mask Red Propolis - 7 Pieces\009_8_fc155bcc-1424-4522-813b-0ccce377a445.png"
"TEMOGEY Daily Moisture Sheet Mask Red Propolis - 7 Pieces","temogey-daily-moisture-sheet-mask-red-propolis-7-pieces","https://sakura-beauty-lab.com/products/temogey-daily-moisture-sheet-mask-red-propolis-7-pieces","10","https://cdn.shopify.com/s/files/1/0866/2931/8961/files/7_dd73d63b-25aa-449b-b97c-537d449d6d49.png?v=1719550220","08 - TEMOGEY Daily Moisture Sheet Mask Red Propolis - 7 Pieces\010_7_dd73d63b-25aa-449b-b97c-537d449d6d49.png"
"TEMOGEY Daily Moisture Sheet Mask Yomogi - 30 Pieces","temogey-daily-moisture-sheet-mask-yomogi-30-pieces","https://sakura-beauty-lab.com/products/temogey-daily-moisture-sheet-mask-yomogi-30-pieces","1","https://cdn.shopify.com/s/files/1/0866/2931/8961/files/2-6.jpg?v=1711706921","09 - TEMOGEY Daily Moisture Sheet Mask Yomogi - 30 Pieces\001_2-6.jpg"
"TEMOGEY Daily Moisture Sheet Mask Yomogi - 30 Pieces","temogey-daily-moisture-sheet-mask-yomogi-30-pieces","https://sakura-beauty-lab.com/products/temogey-daily-moisture-sheet-mask-yomogi-30-pieces","2","https://cdn.shopify.com/s/files/1/0866/2931/8961/files/18c10cdf15f8b9ff374d450a719e5d6f_e04b57f3-ed16-4c36-83f3-db0bf2e85e48.png?v=1719549493","09 - TEMOGEY Daily Moisture Sheet Mask Yomogi - 30 Pieces\002_18c10cdf15f8b9ff374d450a719e5d6f_e04b57f3-ed16-4c36-83f3-db0bf2e85e48.png"
"TEMOGEY Daily Moisture Sheet Mask Yomogi - 30 Pieces","temogey-daily-moisture-sheet-mask-yomogi-30-pieces","https://sakura-beauty-lab.com/products/temogey-daily-moisture-sheet-mask-yomogi-30-pieces","3","https://cdn.shopify.com/s/files/1/0866/2931/8961/files/1-2_15553a6a-e333-4339-a0e1-ccda2e17b96f.png?v=1719549497","09 - TEMOGEY Daily Moisture Sheet Mask Yomogi - 30 Pieces\003_1-2_15553a6a-e333-4339-a0e1-ccda2e17b96f.png"
"TEMOGEY Daily Moisture Sheet Mask Yomogi - 30 Pieces","temogey-daily-moisture-sheet-mask-yomogi-30-pieces","https://sakura-beauty-lab.com/products/temogey-daily-moisture-sheet-mask-yomogi-30-pieces","4","https://cdn.shopify.com/s/files/1/0866/2931/8961/files/2_964a9648-60fa-42b5-b49f-075607b7c2a7.png?v=1719549527","09 - TEMOGEY Daily Moisture Sheet Mask Yomogi - 30 Pieces\004_2_964a9648-60fa-42b5-b49f-075607b7c2a7.png"
"TEMOGEY Daily Moisture Sheet Mask Yomogi - 30 Pieces","temogey-daily-moisture-sheet-mask-yomogi-30-pieces","https://sakura-beauty-lab.com/products/temogey-daily-moisture-sheet-mask-yomogi-30-pieces","5","https://cdn.shopify.com/s/files/1/0866/2931/8961/files/3_fa4ed344-0add-45e0-95a8-e9d77546c1f4.png?v=1719549527","09 - TEMOGEY Daily Moisture Sheet Mask Yomogi - 30 Pieces\005_3_fa4ed344-0add-45e0-95a8-e9d77546c1f4.png"
"TEMOGEY Daily Moisture Sheet Mask Yomogi - 30 Pieces","temogey-daily-moisture-sheet-mask-yomogi-30-pieces","https://sakura-beauty-lab.com/products/temogey-daily-moisture-sheet-mask-yomogi-30-pieces","6","https://cdn.shopify.com/s/files/1/0866/2931/8961/files/4_18ab250b-5a94-46ab-921b-163701fffba0.png?v=1719549527","09 - TEMOGEY Daily Moisture Sheet Mask Yomogi - 30 Pieces\006_4_18ab250b-5a94-46ab-921b-163701fffba0.png"
"TEMOGEY Daily Moisture Sheet Mask Yomogi - 30 Pieces","temogey-daily-moisture-sheet-mask-yomogi-30-pieces","https://sakura-beauty-lab.com/products/temogey-daily-moisture-sheet-mask-yomogi-30-pieces","7","https://cdn.shopify.com/s/files/1/0866/2931/8961/files/6_1dc808db-b122-4b9d-a4d9-89441949dbf2.png?v=1719549527","09 - TEMOGEY Daily Moisture Sheet Mask Yomogi - 30 Pieces\007_6_1dc808db-b122-4b9d-a4d9-89441949dbf2.png"
"TEMOGEY Daily Moisture Sheet Mask Yomogi - 30 Pieces","temogey-daily-moisture-sheet-mask-yomogi-30-pieces","https://sakura-beauty-lab.com/products/temogey-daily-moisture-sheet-mask-yomogi-30-pieces","8","https://cdn.shopify.com/s/files/1/0866/2931/8961/files/7_6517c882-b2ca-4513-8d96-9f7e04a40f15.png?v=1719549527","09 - TEMOGEY Daily Moisture Sheet Mask Yomogi - 30 Pieces\008_7_6517c882-b2ca-4513-8d96-9f7e04a40f15.png"
"TEMOGEY Daily Moisture Sheet Mask Yomogi - 30 Pieces","temogey-daily-moisture-sheet-mask-yomogi-30-pieces","https://sakura-beauty-lab.com/products/temogey-daily-moisture-sheet-mask-yomogi-30-pieces","9","https://cdn.shopify.com/s/files/1/0866/2931/8961/files/8_99634c22-7def-4301-900a-5ff543d07f3e.png?v=1719549527","09 - TEMOGEY Daily Moisture Sheet Mask Yomogi - 30 Pieces\009_8_99634c22-7def-4301-900a-5ff543d07f3e.png"
"TEMOGEY Daily Moisture Sheet Mask Yomogi - 30 Pieces","temogey-daily-moisture-sheet-mask-yomogi-30-pieces","https://sakura-beauty-lab.com/products/temogey-daily-moisture-sheet-mask-yomogi-30-pieces","10","https://cdn.shopify.com/s/files/1/0866/2931/8961/files/6_25208a5d-f9e0-44bd-a2e4-235feea78f02.png?v=1719549527","09 - TEMOGEY Daily Moisture Sheet Mask Yomogi - 30 Pieces\010_6_25208a5d-f9e0-44bd-a2e4-235feea78f02.png"
"TEMOGEY Daily Moisture Sheet Mask Yomogi - 7 Pieces","temogey-daily-moisture-sheet-mask-yomogi-7-pieces","https://sakura-beauty-lab.com/products/temogey-daily-moisture-sheet-mask-yomogi-7-pieces","1","https://cdn.shopify.com/s/files/1/0866/2931/8961/files/2-5.jpg?v=1711706835","10 - TEMOGEY Daily Moisture Sheet Mask Yomogi - 7 Pieces\001_2-5.jpg"
"TEMOGEY Daily Moisture Sheet Mask Yomogi - 7 Pieces","temogey-daily-moisture-sheet-mask-yomogi-7-pieces","https://sakura-beauty-lab.com/products/temogey-daily-moisture-sheet-mask-yomogi-7-pieces","2","https://cdn.shopify.com/s/files/1/0866/2931/8961/files/8_5d693d13-834f-497b-a29e-3a6e0d684809.png?v=1719549760","10 - TEMOGEY Daily Moisture Sheet Mask Yomogi - 7 Pieces\002_8_5d693d13-834f-497b-a29e-3a6e0d684809.png"
"TEMOGEY Daily Moisture Sheet Mask Yomogi - 7 Pieces","temogey-daily-moisture-sheet-mask-yomogi-7-pieces","https://sakura-beauty-lab.com/products/temogey-daily-moisture-sheet-mask-yomogi-7-pieces","3","https://cdn.shopify.com/s/files/1/0866/2931/8961/files/1-2_78392bc6-8a99-4b9d-8279-3d64d6566966.png?v=1719549760","10 - TEMOGEY Daily Moisture Sheet Mask Yomogi - 7 Pieces\003_1-2_78392bc6-8a99-4b9d-8279-3d64d6566966.png"
"TEMOGEY Daily Moisture Sheet Mask Yomogi - 7 Pieces","temogey-daily-moisture-sheet-mask-yomogi-7-pieces","https://sakura-beauty-lab.com/products/temogey-daily-moisture-sheet-mask-yomogi-7-pieces","4","https://cdn.shopify.com/s/files/1/0866/2931/8961/files/2_14dc9997-190e-420a-b200-043cd53a59a9.png?v=1719549760","10 - TEMOGEY Daily Moisture Sheet Mask Yomogi - 7 Pieces\004_2_14dc9997-190e-420a-b200-043cd53a59a9.png"
"TEMOGEY Daily Moisture Sheet Mask Yomogi - 7 Pieces","temogey-daily-moisture-sheet-mask-yomogi-7-pieces","https://sakura-beauty-lab.com/products/temogey-daily-moisture-sheet-mask-yomogi-7-pieces","5","https://cdn.shopify.com/s/files/1/0866/2931/8961/files/3_d063a504-277a-4cb2-a25a-b89bacc196f6.png?v=1719549760","10 - TEMOGEY Daily Moisture Sheet Mask Yomogi - 7 Pieces\005_3_d063a504-277a-4cb2-a25a-b89bacc196f6.png"
"TEMOGEY Daily Moisture Sheet Mask Yomogi - 7 Pieces","temogey-daily-moisture-sheet-mask-yomogi-7-pieces","https://sakura-beauty-lab.com/products/temogey-daily-moisture-sheet-mask-yomogi-7-pieces","6","https://cdn.shopify.com/s/files/1/0866/2931/8961/files/2_6d320adb-c29b-4de6-86fb-63154263a8d1.png?v=1719549760","10 - TEMOGEY Daily Moisture Sheet Mask Yomogi - 7 Pieces\006_2_6d320adb-c29b-4de6-86fb-63154263a8d1.png"
"TEMOGEY Daily Moisture Sheet Mask Yomogi - 7 Pieces","temogey-daily-moisture-sheet-mask-yomogi-7-pieces","https://sakura-beauty-lab.com/products/temogey-daily-moisture-sheet-mask-yomogi-7-pieces","7","https://cdn.shopify.com/s/files/1/0866/2931/8961/files/7_d786f540-5e82-4685-821b-bcd859d7f6e7.png?v=1719549760","10 - TEMOGEY Daily Moisture Sheet Mask Yomogi - 7 Pieces\007_7_d786f540-5e82-4685-821b-bcd859d7f6e7.png"
"TEMOGEY Daily Moisture Sheet Mask Yomogi - 7 Pieces","temogey-daily-moisture-sheet-mask-yomogi-7-pieces","https://sakura-beauty-lab.com/products/temogey-daily-moisture-sheet-mask-yomogi-7-pieces","8","https://cdn.shopify.com/s/files/1/0866/2931/8961/files/7_acbd5158-1aa5-499f-960b-ab42b0346e79.png?v=1719549760","10 - TEMOGEY Daily Moisture Sheet Mask Yomogi - 7 Pieces\008_7_acbd5158-1aa5-499f-960b-ab42b0346e79.png"
"TEMOGEY Daily Moisture Sheet Mask Yomogi - 7 Pieces","temogey-daily-moisture-sheet-mask-yomogi-7-pieces","https://sakura-beauty-lab.com/products/temogey-daily-moisture-sheet-mask-yomogi-7-pieces","9","https://cdn.shopify.com/s/files/1/0866/2931/8961/files/8_fc155bcc-1424-4522-813b-0ccce377a445.png?v=1719549760","10 - TEMOGEY Daily Moisture Sheet Mask Yomogi - 7 Pieces\009_8_fc155bcc-1424-4522-813b-0ccce377a445.png"
"TEMOGEY Daily Moisture Sheet Mask Yomogi - 7 Pieces","temogey-daily-moisture-sheet-mask-yomogi-7-pieces","https://sakura-beauty-lab.com/products/temogey-daily-moisture-sheet-mask-yomogi-7-pieces","10","https://cdn.shopify.com/s/files/1/0866/2931/8961/files/7_4b7c558f-8a8c-4738-a248-8ffbedcc8555.png?v=1719549760","10 - TEMOGEY Daily Moisture Sheet Mask Yomogi - 7 Pieces\010_7_4b7c558f-8a8c-4738-a248-8ffbedcc8555.png"
"TEMOGEY Daily Moisture Sheet Mask Bakuchiol- 30 Pieces","temogey-daily-moisture-sheet-mask-bakuchiol-30-pieces","https://sakura-beauty-lab.com/products/temogey-daily-moisture-sheet-mask-bakuchiol-30-pieces","1","https://cdn.shopify.com/s/files/1/0866/2931/8961/files/2-4.jpg?v=1711706913","11 - TEMOGEY Daily Moisture Sheet Mask Bakuchiol- 30 Pieces\001_2-4.jpg"
"TEMOGEY Daily Moisture Sheet Mask Bakuchiol- 30 Pieces","temogey-daily-moisture-sheet-mask-bakuchiol-30-pieces","https://sakura-beauty-lab.com/products/temogey-daily-moisture-sheet-mask-bakuchiol-30-pieces","2","https://cdn.shopify.com/s/files/1/0866/2931/8961/files/18c10cdf15f8b9ff374d450a719e5d6f_eddd2b25-d240-4a7f-b868-dcdc8d5c7b00.png?v=1719548979","11 - TEMOGEY Daily Moisture Sheet Mask Bakuchiol- 30 Pieces\002_18c10cdf15f8b9ff374d450a719e5d6f_eddd2b25-d240-4a7f-b868-dcdc8d5c7b00.png"
"TEMOGEY Daily Moisture Sheet Mask Bakuchiol- 30 Pieces","temogey-daily-moisture-sheet-mask-bakuchiol-30-pieces","https://sakura-beauty-lab.com/products/temogey-daily-moisture-sheet-mask-bakuchiol-30-pieces","3","https://cdn.shopify.com/s/files/1/0866/2931/8961/files/1-2_e6358c70-aaa8-40e5-92eb-0f9abded6db5.png?v=1719548978","11 - TEMOGEY Daily Moisture Sheet Mask Bakuchiol- 30 Pieces\003_1-2_e6358c70-aaa8-40e5-92eb-0f9abded6db5.png"
"TEMOGEY Daily Moisture Sheet Mask Bakuchiol- 30 Pieces","temogey-daily-moisture-sheet-mask-bakuchiol-30-pieces","https://sakura-beauty-lab.com/products/temogey-daily-moisture-sheet-mask-bakuchiol-30-pieces","4","https://cdn.shopify.com/s/files/1/0866/2931/8961/files/2_4430f6f4-f594-4e14-b551-e11cd4ec61cd.png?v=1719548978","11 - TEMOGEY Daily Moisture Sheet Mask Bakuchiol- 30 Pieces\004_2_4430f6f4-f594-4e14-b551-e11cd4ec61cd.png"
"TEMOGEY Daily Moisture Sheet Mask Bakuchiol- 30 Pieces","temogey-daily-moisture-sheet-mask-bakuchiol-30-pieces","https://sakura-beauty-lab.com/products/temogey-daily-moisture-sheet-mask-bakuchiol-30-pieces","5","https://cdn.shopify.com/s/files/1/0866/2931/8961/files/3_e3b0d0b8-9ac5-4ab5-89fe-fee611d40c8f.png?v=1719548978","11 - TEMOGEY Daily Moisture Sheet Mask Bakuchiol- 30 Pieces\005_3_e3b0d0b8-9ac5-4ab5-89fe-fee611d40c8f.png"
"TEMOGEY Daily Moisture Sheet Mask Bakuchiol- 30 Pieces","temogey-daily-moisture-sheet-mask-bakuchiol-30-pieces","https://sakura-beauty-lab.com/products/temogey-daily-moisture-sheet-mask-bakuchiol-30-pieces","6","https://cdn.shopify.com/s/files/1/0866/2931/8961/files/4_21819297-4e3a-4f39-8c9f-1d2fcb298c8c.png?v=1719548978","11 - TEMOGEY Daily Moisture Sheet Mask Bakuchiol- 30 Pieces\006_4_21819297-4e3a-4f39-8c9f-1d2fcb298c8c.png"
"TEMOGEY Daily Moisture Sheet Mask Bakuchiol- 30 Pieces","temogey-daily-moisture-sheet-mask-bakuchiol-30-pieces","https://sakura-beauty-lab.com/products/temogey-daily-moisture-sheet-mask-bakuchiol-30-pieces","7","https://cdn.shopify.com/s/files/1/0866/2931/8961/files/6_d1560dbe-fe0e-4c47-bc0e-07892cad40fa.png?v=1719548979","11 - TEMOGEY Daily Moisture Sheet Mask Bakuchiol- 30 Pieces\007_6_d1560dbe-fe0e-4c47-bc0e-07892cad40fa.png"
"TEMOGEY Daily Moisture Sheet Mask Bakuchiol- 30 Pieces","temogey-daily-moisture-sheet-mask-bakuchiol-30-pieces","https://sakura-beauty-lab.com/products/temogey-daily-moisture-sheet-mask-bakuchiol-30-pieces","8","https://cdn.shopify.com/s/files/1/0866/2931/8961/files/7_8fcace64-8244-44d5-b60e-81f0962e8c3e.png?v=1719548978","11 - TEMOGEY Daily Moisture Sheet Mask Bakuchiol- 30 Pieces\008_7_8fcace64-8244-44d5-b60e-81f0962e8c3e.png"
"TEMOGEY Daily Moisture Sheet Mask Bakuchiol- 30 Pieces","temogey-daily-moisture-sheet-mask-bakuchiol-30-pieces","https://sakura-beauty-lab.com/products/temogey-daily-moisture-sheet-mask-bakuchiol-30-pieces","9","https://cdn.shopify.com/s/files/1/0866/2931/8961/files/8_e64135b2-3eaa-4c15-8827-c023817b6786.png?v=1719548978","11 - TEMOGEY Daily Moisture Sheet Mask Bakuchiol- 30 Pieces\009_8_e64135b2-3eaa-4c15-8827-c023817b6786.png"
"TEMOGEY Daily Moisture Sheet Mask Bakuchiol- 30 Pieces","temogey-daily-moisture-sheet-mask-bakuchiol-30-pieces","https://sakura-beauty-lab.com/products/temogey-daily-moisture-sheet-mask-bakuchiol-30-pieces","10","https://cdn.shopify.com/s/files/1/0866/2931/8961/files/9_a21ed4c9-1b06-49af-adf1-63816c282f6c.png?v=1719548979","11 - TEMOGEY Daily Moisture Sheet Mask Bakuchiol- 30 Pieces\010_9_a21ed4c9-1b06-49af-adf1-63816c282f6c.png"
"TEMOGEY Daily Moisture Sheet Mask Bakuchiol- 7 Pieces","temogey-daily-moisture-sheet-mask-bakuchiol-7-pieces","https://sakura-beauty-lab.com/products/temogey-daily-moisture-sheet-mask-bakuchiol-7-pieces","1","https://cdn.shopify.com/s/files/1/0866/2931/8961/files/2-3.jpg?v=1711706808","12 - TEMOGEY Daily Moisture Sheet Mask Bakuchiol- 7 Pieces\001_2-3.jpg"
"TEMOGEY Daily Moisture Sheet Mask Bakuchiol- 7 Pieces","temogey-daily-moisture-sheet-mask-bakuchiol-7-pieces","https://sakura-beauty-lab.com/products/temogey-daily-moisture-sheet-mask-bakuchiol-7-pieces","2","https://cdn.shopify.com/s/files/1/0866/2931/8961/files/8_82de521d-663b-4ea4-ad9e-f05efba87b54.png?v=1719549206","12 - TEMOGEY Daily Moisture Sheet Mask Bakuchiol- 7 Pieces\002_8_82de521d-663b-4ea4-ad9e-f05efba87b54.png"
"TEMOGEY Daily Moisture Sheet Mask Bakuchiol- 7 Pieces","temogey-daily-moisture-sheet-mask-bakuchiol-7-pieces","https://sakura-beauty-lab.com/products/temogey-daily-moisture-sheet-mask-bakuchiol-7-pieces","3","https://cdn.shopify.com/s/files/1/0866/2931/8961/files/1-2_e6358c70-aaa8-40e5-92eb-0f9abded6db5.png?v=1719548978","12 - TEMOGEY Daily Moisture Sheet Mask Bakuchiol- 7 Pieces\003_1-2_e6358c70-aaa8-40e5-92eb-0f9abded6db5.png"
"TEMOGEY Daily Moisture Sheet Mask Bakuchiol- 7 Pieces","temogey-daily-moisture-sheet-mask-bakuchiol-7-pieces","https://sakura-beauty-lab.com/products/temogey-daily-moisture-sheet-mask-bakuchiol-7-pieces","4","https://cdn.shopify.com/s/files/1/0866/2931/8961/files/2_4430f6f4-f594-4e14-b551-e11cd4ec61cd.png?v=1719548978","12 - TEMOGEY Daily Moisture Sheet Mask Bakuchiol- 7 Pieces\004_2_4430f6f4-f594-4e14-b551-e11cd4ec61cd.png"
"TEMOGEY Daily Moisture Sheet Mask Bakuchiol- 7 Pieces","temogey-daily-moisture-sheet-mask-bakuchiol-7-pieces","https://sakura-beauty-lab.com/products/temogey-daily-moisture-sheet-mask-bakuchiol-7-pieces","5","https://cdn.shopify.com/s/files/1/0866/2931/8961/files/3_e3b0d0b8-9ac5-4ab5-89fe-fee611d40c8f.png?v=1719548978","12 - TEMOGEY Daily Moisture Sheet Mask Bakuchiol- 7 Pieces\005_3_e3b0d0b8-9ac5-4ab5-89fe-fee611d40c8f.png"
"TEMOGEY Daily Moisture Sheet Mask Bakuchiol- 7 Pieces","temogey-daily-moisture-sheet-mask-bakuchiol-7-pieces","https://sakura-beauty-lab.com/products/temogey-daily-moisture-sheet-mask-bakuchiol-7-pieces","6","https://cdn.shopify.com/s/files/1/0866/2931/8961/files/2_214035fe-7a29-499d-9536-ae8e22ae003e.png?v=1719549206","12 - TEMOGEY Daily Moisture Sheet Mask Bakuchiol- 7 Pieces\006_2_214035fe-7a29-499d-9536-ae8e22ae003e.png"
"TEMOGEY Daily Moisture Sheet Mask Bakuchiol- 7 Pieces","temogey-daily-moisture-sheet-mask-bakuchiol-7-pieces","https://sakura-beauty-lab.com/products/temogey-daily-moisture-sheet-mask-bakuchiol-7-pieces","7","https://cdn.shopify.com/s/files/1/0866/2931/8961/files/7_4b4dc339-1961-4029-a5fc-9f212be6840d.png?v=1719548707","12 - TEMOGEY Daily Moisture Sheet Mask Bakuchiol- 7 Pieces\007_7_4b4dc339-1961-4029-a5fc-9f212be6840d.png"
"TEMOGEY Daily Moisture Sheet Mask Bakuchiol- 7 Pieces","temogey-daily-moisture-sheet-mask-bakuchiol-7-pieces","https://sakura-beauty-lab.com/products/temogey-daily-moisture-sheet-mask-bakuchiol-7-pieces","8","https://cdn.shopify.com/s/files/1/0866/2931/8961/files/7_8fcace64-8244-44d5-b60e-81f0962e8c3e.png?v=1719548978","12 - TEMOGEY Daily Moisture Sheet Mask Bakuchiol- 7 Pieces\008_7_8fcace64-8244-44d5-b60e-81f0962e8c3e.png"
"TEMOGEY Daily Moisture Sheet Mask Bakuchiol- 7 Pieces","temogey-daily-moisture-sheet-mask-bakuchiol-7-pieces","https://sakura-beauty-lab.com/products/temogey-daily-moisture-sheet-mask-bakuchiol-7-pieces","9","https://cdn.shopify.com/s/files/1/0866/2931/8961/files/8_c8d43b1d-8d83-4181-9928-e38362bb8302.png?v=1719548707","12 - TEMOGEY Daily Moisture Sheet Mask Bakuchiol- 7 Pieces\009_8_c8d43b1d-8d83-4181-9928-e38362bb8302.png"
"TEMOGEY Daily Moisture Sheet Mask Bakuchiol- 7 Pieces","temogey-daily-moisture-sheet-mask-bakuchiol-7-pieces","https://sakura-beauty-lab.com/products/temogey-daily-moisture-sheet-mask-bakuchiol-7-pieces","10","https://cdn.shopify.com/s/files/1/0866/2931/8961/files/7_01287d0b-18b1-43a9-bc3f-90dd371c9102.png?v=1719549206","12 - TEMOGEY Daily Moisture Sheet Mask Bakuchiol- 7 Pieces\010_7_01287d0b-18b1-43a9-bc3f-90dd371c9102.png"
"Resbro 5GF Smooth Sheet Mask - 40 Sheets","resbro-5gf-smooth-sheet-mask-40-sheets","https://sakura-beauty-lab.com/products/resbro-5gf-smooth-sheet-mask-40-sheets","1","https://cdn.shopify.com/s/files/1/0866/2931/8961/files/6-2.jpg?v=1711707155","13 - Resbro 5GF Smooth Sheet Mask - 40 Sheets\001_6-2.jpg"
"Resbro 5GF Smooth Sheet Mask - 40 Sheets","resbro-5gf-smooth-sheet-mask-40-sheets","https://sakura-beauty-lab.com/products/resbro-5gf-smooth-sheet-mask-40-sheets","2","https://cdn.shopify.com/s/files/1/0866/2931/8961/files/1_170c92c1-a10c-4af7-8497-2e9a8750cba1.png?v=1719382440","13 - Resbro 5GF Smooth Sheet Mask - 40 Sheets\002_1_170c92c1-a10c-4af7-8497-2e9a8750cba1.png"
"Resbro 5GF Smooth Sheet Mask - 40 Sheets","resbro-5gf-smooth-sheet-mask-40-sheets","https://sakura-beauty-lab.com/products/resbro-5gf-smooth-sheet-mask-40-sheets","3","https://cdn.shopify.com/s/files/1/0866/2931/8961/files/2_748e5d07-ea9a-4d52-8a31-f0b8f72d7e0a.png?v=1719382441","13 - Resbro 5GF Smooth Sheet Mask - 40 Sheets\003_2_748e5d07-ea9a-4d52-8a31-f0b8f72d7e0a.png"
"Resbro 5GF Smooth Sheet Mask - 40 Sheets","resbro-5gf-smooth-sheet-mask-40-sheets","https://sakura-beauty-lab.com/products/resbro-5gf-smooth-sheet-mask-40-sheets","4","https://cdn.shopify.com/s/files/1/0866/2931/8961/files/3_ac76ed95-b07d-436d-b21d-e747a5ae3ef9.png?v=1719382440","13 - Resbro 5GF Smooth Sheet Mask - 40 Sheets\004_3_ac76ed95-b07d-436d-b21d-e747a5ae3ef9.png"
"Resbro 5GF Smooth Sheet Mask - 40 Sheets","resbro-5gf-smooth-sheet-mask-40-sheets","https://sakura-beauty-lab.com/products/resbro-5gf-smooth-sheet-mask-40-sheets","5","https://cdn.shopify.com/s/files/1/0866/2931/8961/files/4_434a4f48-2ed8-4532-bb4c-03d393e37173.png?v=1719382440","13 - Resbro 5GF Smooth Sheet Mask - 40 Sheets\005_4_434a4f48-2ed8-4532-bb4c-03d393e37173.png"
"Resbro 5GF Smooth Sheet Mask - 40 Sheets","resbro-5gf-smooth-sheet-mask-40-sheets","https://sakura-beauty-lab.com/products/resbro-5gf-smooth-sheet-mask-40-sheets","6","https://cdn.shopify.com/s/files/1/0866/2931/8961/files/5_ca1e6f39-8062-4df9-8ab8-ba1c43a776e6.png?v=1719382440","13 - Resbro 5GF Smooth Sheet Mask - 40 Sheets\006_5_ca1e6f39-8062-4df9-8ab8-ba1c43a776e6.png"
"Resbro 5GF Smooth Sheet Mask - 40 Sheets","resbro-5gf-smooth-sheet-mask-40-sheets","https://sakura-beauty-lab.com/products/resbro-5gf-smooth-sheet-mask-40-sheets","7","https://cdn.shopify.com/s/files/1/0866/2931/8961/files/6_7fd51ba1-29ee-4f76-ad22-aaf0fe230096.png?v=1719382441","13 - Resbro 5GF Smooth Sheet Mask - 40 Sheets\007_6_7fd51ba1-29ee-4f76-ad22-aaf0fe230096.png"
"Resbro 5GF Smooth Sheet Mask - 40 Sheets","resbro-5gf-smooth-sheet-mask-40-sheets","https://sakura-beauty-lab.com/products/resbro-5gf-smooth-sheet-mask-40-sheets","8","https://cdn.shopify.com/s/files/1/0866/2931/8961/files/7_b53ed2b8-a64b-47f6-8e59-39477887314a.png?v=1719382441","13 - Resbro 5GF Smooth Sheet Mask - 40 Sheets\008_7_b53ed2b8-a64b-47f6-8e59-39477887314a.png"
"TEMOGEY Daily Moisture Sheet Mask Aomikan - 30 Pieces","temogey-daily-moisture-sheet-mask-aomikan-30-pieces","https://sakura-beauty-lab.com/products/temogey-daily-moisture-sheet-mask-aomikan-30-pieces","1","https://cdn.shopify.com/s/files/1/0866/2931/8961/files/2-2_b3bd1e8f-e2e5-4bc5-8afe-cc2fe573ce4e.jpg?v=1711706884","14 - TEMOGEY Daily Moisture Sheet Mask Aomikan - 30 Pieces\001_2-2_b3bd1e8f-e2e5-4bc5-8afe-cc2fe573ce4e.jpg"
"TEMOGEY Daily Moisture Sheet Mask Aomikan - 30 Pieces","temogey-daily-moisture-sheet-mask-aomikan-30-pieces","https://sakura-beauty-lab.com/products/temogey-daily-moisture-sheet-mask-aomikan-30-pieces","2","https://cdn.shopify.com/s/files/1/0866/2931/8961/files/1_ca797585-9654-41da-a844-5f9fde1f07c3.png?v=1719548507","14 - TEMOGEY Daily Moisture Sheet Mask Aomikan - 30 Pieces\002_1_ca797585-9654-41da-a844-5f9fde1f07c3.png"
"TEMOGEY Daily Moisture Sheet Mask Aomikan - 30 Pieces","temogey-daily-moisture-sheet-mask-aomikan-30-pieces","https://sakura-beauty-lab.com/products/temogey-daily-moisture-sheet-mask-aomikan-30-pieces","3","https://cdn.shopify.com/s/files/1/0866/2931/8961/files/1-2.png?v=1719548508","14 - TEMOGEY Daily Moisture Sheet Mask Aomikan - 30 Pieces\003_1-2.png"
"TEMOGEY Daily Moisture Sheet Mask Aomikan - 30 Pieces","temogey-daily-moisture-sheet-mask-aomikan-30-pieces","https://sakura-beauty-lab.com/products/temogey-daily-moisture-sheet-mask-aomikan-30-pieces","4","https://cdn.shopify.com/s/files/1/0866/2931/8961/files/3_75931ad8-2a84-41b3-8eed-86d2f12a2a8b.png?v=1719548507","14 - TEMOGEY Daily Moisture Sheet Mask Aomikan - 30 Pieces\004_3_75931ad8-2a84-41b3-8eed-86d2f12a2a8b.png"
"TEMOGEY Daily Moisture Sheet Mask Aomikan - 30 Pieces","temogey-daily-moisture-sheet-mask-aomikan-30-pieces","https://sakura-beauty-lab.com/products/temogey-daily-moisture-sheet-mask-aomikan-30-pieces","5","https://cdn.shopify.com/s/files/1/0866/2931/8961/files/4_ef21e807-ef01-4203-a653-68b6441af2ba.png?v=1719548508","14 - TEMOGEY Daily Moisture Sheet Mask Aomikan - 30 Pieces\005_4_ef21e807-ef01-4203-a653-68b6441af2ba.png"
"TEMOGEY Daily Moisture Sheet Mask Aomikan - 30 Pieces","temogey-daily-moisture-sheet-mask-aomikan-30-pieces","https://sakura-beauty-lab.com/products/temogey-daily-moisture-sheet-mask-aomikan-30-pieces","6","https://cdn.shopify.com/s/files/1/0866/2931/8961/files/5_a76fcc08-2d4d-4d50-9bc1-674e1f8ba5c2.png?v=1719548507","14 - TEMOGEY Daily Moisture Sheet Mask Aomikan - 30 Pieces\006_5_a76fcc08-2d4d-4d50-9bc1-674e1f8ba5c2.png"
"TEMOGEY Daily Moisture Sheet Mask Aomikan - 30 Pieces","temogey-daily-moisture-sheet-mask-aomikan-30-pieces","https://sakura-beauty-lab.com/products/temogey-daily-moisture-sheet-mask-aomikan-30-pieces","7","https://cdn.shopify.com/s/files/1/0866/2931/8961/files/6_73770abb-eb35-4978-ba57-a44eb884afb9.png?v=1719548507","14 - TEMOGEY Daily Moisture Sheet Mask Aomikan - 30 Pieces\007_6_73770abb-eb35-4978-ba57-a44eb884afb9.png"
"TEMOGEY Daily Moisture Sheet Mask Aomikan - 30 Pieces","temogey-daily-moisture-sheet-mask-aomikan-30-pieces","https://sakura-beauty-lab.com/products/temogey-daily-moisture-sheet-mask-aomikan-30-pieces","8","https://cdn.shopify.com/s/files/1/0866/2931/8961/files/7_b58e9e50-0d4f-4a8d-aa18-101b4e264808.png?v=1719548507","14 - TEMOGEY Daily Moisture Sheet Mask Aomikan - 30 Pieces\008_7_b58e9e50-0d4f-4a8d-aa18-101b4e264808.png"
"TEMOGEY Daily Moisture Sheet Mask Aomikan - 30 Pieces","temogey-daily-moisture-sheet-mask-aomikan-30-pieces","https://sakura-beauty-lab.com/products/temogey-daily-moisture-sheet-mask-aomikan-30-pieces","9","https://cdn.shopify.com/s/files/1/0866/2931/8961/files/8_0738249d-7117-45ba-b3b0-0e6737a33acf.png?v=1719548508","14 - TEMOGEY Daily Moisture Sheet Mask Aomikan - 30 Pieces\009_8_0738249d-7117-45ba-b3b0-0e6737a33acf.png"
"TEMOGEY Daily Moisture Sheet Mask Aomikan - 30 Pieces","temogey-daily-moisture-sheet-mask-aomikan-30-pieces","https://sakura-beauty-lab.com/products/temogey-daily-moisture-sheet-mask-aomikan-30-pieces","10","https://cdn.shopify.com/s/files/1/0866/2931/8961/files/12_e2e39e4d-40e8-4132-87e0-040e2040266b.png?v=1719548507","14 - TEMOGEY Daily Moisture Sheet Mask Aomikan - 30 Pieces\010_12_e2e39e4d-40e8-4132-87e0-040e2040266b.png"
"TEMOGEY Daily Moisture Sheet Mask Aomikan - 7 Pieces","temogey-daily-moisture-sheet-mask-aomikan-7-pieces","https://sakura-beauty-lab.com/products/temogey-daily-moisture-sheet-mask-aomikan-7-pieces","1","https://cdn.shopify.com/s/files/1/0866/2931/8961/files/2-1.jpg?v=1711706779","15 - TEMOGEY Daily Moisture Sheet Mask Aomikan - 7 Pieces\001_2-1.jpg"
"TEMOGEY Daily Moisture Sheet Mask Aomikan - 7 Pieces","temogey-daily-moisture-sheet-mask-aomikan-7-pieces","https://sakura-beauty-lab.com/products/temogey-daily-moisture-sheet-mask-aomikan-7-pieces","2","https://cdn.shopify.com/s/files/1/0866/2931/8961/files/14.png?v=1719548640","15 - TEMOGEY Daily Moisture Sheet Mask Aomikan - 7 Pieces\002_14.png"
"TEMOGEY Daily Moisture Sheet Mask Aomikan - 7 Pieces","temogey-daily-moisture-sheet-mask-aomikan-7-pieces","https://sakura-beauty-lab.com/products/temogey-daily-moisture-sheet-mask-aomikan-7-pieces","3","https://cdn.shopify.com/s/files/1/0866/2931/8961/files/1-2_cea020c8-003b-4bf8-8350-9b0a6bd96dd9.png?v=1719548707","15 - TEMOGEY Daily Moisture Sheet Mask Aomikan - 7 Pieces\003_1-2_cea020c8-003b-4bf8-8350-9b0a6bd96dd9.png"
"TEMOGEY Daily Moisture Sheet Mask Aomikan - 7 Pieces","temogey-daily-moisture-sheet-mask-aomikan-7-pieces","https://sakura-beauty-lab.com/products/temogey-daily-moisture-sheet-mask-aomikan-7-pieces","4","https://cdn.shopify.com/s/files/1/0866/2931/8961/files/3_af25f7b1-6bf5-46c1-b319-a443ecf2576a.png?v=1719548707","15 - TEMOGEY Daily Moisture Sheet Mask Aomikan - 7 Pieces\004_3_af25f7b1-6bf5-46c1-b319-a443ecf2576a.png"
"TEMOGEY Daily Moisture Sheet Mask Aomikan - 7 Pieces","temogey-daily-moisture-sheet-mask-aomikan-7-pieces","https://sakura-beauty-lab.com/products/temogey-daily-moisture-sheet-mask-aomikan-7-pieces","5","https://cdn.shopify.com/s/files/1/0866/2931/8961/files/4_b5fb9538-ee99-40fb-91fc-85d2664247d4.png?v=1719548707","15 - TEMOGEY Daily Moisture Sheet Mask Aomikan - 7 Pieces\005_4_b5fb9538-ee99-40fb-91fc-85d2664247d4.png"
"TEMOGEY Daily Moisture Sheet Mask Aomikan - 7 Pieces","temogey-daily-moisture-sheet-mask-aomikan-7-pieces","https://sakura-beauty-lab.com/products/temogey-daily-moisture-sheet-mask-aomikan-7-pieces","6","https://cdn.shopify.com/s/files/1/0866/2931/8961/files/6_ddc02332-daa7-4521-9580-71ef50864639.png?v=1719548707","15 - TEMOGEY Daily Moisture Sheet Mask Aomikan - 7 Pieces\006_6_ddc02332-daa7-4521-9580-71ef50864639.png"
"TEMOGEY Daily Moisture Sheet Mask Aomikan - 7 Pieces","temogey-daily-moisture-sheet-mask-aomikan-7-pieces","https://sakura-beauty-lab.com/products/temogey-daily-moisture-sheet-mask-aomikan-7-pieces","7","https://cdn.shopify.com/s/files/1/0866/2931/8961/files/7_4b4dc339-1961-4029-a5fc-9f212be6840d.png?v=1719548707","15 - TEMOGEY Daily Moisture Sheet Mask Aomikan - 7 Pieces\007_7_4b4dc339-1961-4029-a5fc-9f212be6840d.png"
"TEMOGEY Daily Moisture Sheet Mask Aomikan - 7 Pieces","temogey-daily-moisture-sheet-mask-aomikan-7-pieces","https://sakura-beauty-lab.com/products/temogey-daily-moisture-sheet-mask-aomikan-7-pieces","8","https://cdn.shopify.com/s/files/1/0866/2931/8961/files/7_69a57ca2-0bfd-48b4-9748-29f114bc0d9a.png?v=1719548707","15 - TEMOGEY Daily Moisture Sheet Mask Aomikan - 7 Pieces\008_7_69a57ca2-0bfd-48b4-9748-29f114bc0d9a.png"
"TEMOGEY Daily Moisture Sheet Mask Aomikan - 7 Pieces","temogey-daily-moisture-sheet-mask-aomikan-7-pieces","https://sakura-beauty-lab.com/products/temogey-daily-moisture-sheet-mask-aomikan-7-pieces","9","https://cdn.shopify.com/s/files/1/0866/2931/8961/files/8_c8d43b1d-8d83-4181-9928-e38362bb8302.png?v=1719548707","15 - TEMOGEY Daily Moisture Sheet Mask Aomikan - 7 Pieces\009_8_c8d43b1d-8d83-4181-9928-e38362bb8302.png"
"TEMOGEY Daily Moisture Sheet Mask Aomikan - 7 Pieces","temogey-daily-moisture-sheet-mask-aomikan-7-pieces","https://sakura-beauty-lab.com/products/temogey-daily-moisture-sheet-mask-aomikan-7-pieces","10","https://cdn.shopify.com/s/files/1/0866/2931/8961/files/13.png?v=1719548707","15 - TEMOGEY Daily Moisture Sheet Mask Aomikan - 7 Pieces\010_13.png"
"Puru Puru Eye Sheet Mask - 60 Sheet","puru-puru-eye-sheet-mask-60-sheet","https://sakura-beauty-lab.com/products/puru-puru-eye-sheet-mask-60-sheet","1","https://cdn.shopify.com/s/files/1/0866/2931/8961/files/7-2.jpg?v=1711707199","16 - Puru Puru Eye Sheet Mask - 60 Sheet\001_7-2.jpg"
"Puru Puru Eye Sheet Mask - 60 Sheet","puru-puru-eye-sheet-mask-60-sheet","https://sakura-beauty-lab.com/products/puru-puru-eye-sheet-mask-60-sheet","2","https://cdn.shopify.com/s/files/1/0866/2931/8961/files/1_892658f0-f266-4b54-8bad-bd9d77697679.png?v=1719382618","16 - Puru Puru Eye Sheet Mask - 60 Sheet\002_1_892658f0-f266-4b54-8bad-bd9d77697679.png"
"Puru Puru Eye Sheet Mask - 60 Sheet","puru-puru-eye-sheet-mask-60-sheet","https://sakura-beauty-lab.com/products/puru-puru-eye-sheet-mask-60-sheet","3","https://cdn.shopify.com/s/files/1/0866/2931/8961/files/2_e602dfbd-7ea3-45c3-a857-21b78d4f78c8.png?v=1719382619","16 - Puru Puru Eye Sheet Mask - 60 Sheet\003_2_e602dfbd-7ea3-45c3-a857-21b78d4f78c8.png"
"Puru Puru Eye Sheet Mask - 60 Sheet","puru-puru-eye-sheet-mask-60-sheet","https://sakura-beauty-lab.com/products/puru-puru-eye-sheet-mask-60-sheet","4","https://cdn.shopify.com/s/files/1/0866/2931/8961/files/3_b48c534c-53ad-4495-91d4-0d26107c8ca6.png?v=1719382618","16 - Puru Puru Eye Sheet Mask - 60 Sheet\004_3_b48c534c-53ad-4495-91d4-0d26107c8ca6.png"
"Puru Puru Eye Sheet Mask - 60 Sheet","puru-puru-eye-sheet-mask-60-sheet","https://sakura-beauty-lab.com/products/puru-puru-eye-sheet-mask-60-sheet","5","https://cdn.shopify.com/s/files/1/0866/2931/8961/files/4_e4049c0a-bc38-49b8-a5c7-bcd41bfc1dc8.png?v=1719382618","16 - Puru Puru Eye Sheet Mask - 60 Sheet\005_4_e4049c0a-bc38-49b8-a5c7-bcd41bfc1dc8.png"
"Puru Puru Eye Sheet Mask - 60 Sheet","puru-puru-eye-sheet-mask-60-sheet","https://sakura-beauty-lab.com/products/puru-puru-eye-sheet-mask-60-sheet","6","https://cdn.shopify.com/s/files/1/0866/2931/8961/files/5_74f83485-4561-4186-9fe7-1c19a40f77dc.png?v=1719382618","16 - Puru Puru Eye Sheet Mask - 60 Sheet\006_5_74f83485-4561-4186-9fe7-1c19a40f77dc.png"
"Puru Puru Eye Sheet Mask - 60 Sheet","puru-puru-eye-sheet-mask-60-sheet","https://sakura-beauty-lab.com/products/puru-puru-eye-sheet-mask-60-sheet","7","https://cdn.shopify.com/s/files/1/0866/2931/8961/files/6_5b496a2b-f7b9-4bea-b89c-fcc947b97b4c.png?v=1719382618","16 - Puru Puru Eye Sheet Mask - 60 Sheet\007_6_5b496a2b-f7b9-4bea-b89c-fcc947b97b4c.png"
"Puru Puru Eye Sheet Mask - 60 Sheet","puru-puru-eye-sheet-mask-60-sheet","https://sakura-beauty-lab.com/products/puru-puru-eye-sheet-mask-60-sheet","8","https://cdn.shopify.com/s/files/1/0866/2931/8961/files/7_c61d169f-dba7-4eae-bd1c-c22ad0179403.png?v=1719382619","16 - Puru Puru Eye Sheet Mask - 60 Sheet\008_7_c61d169f-dba7-4eae-bd1c-c22ad0179403.png"
"ESTE QUALITY Snail Secretion Sheet Mask - 50 Sheet","este-quality-snail-secretion-sheet-mask-50-sheet","https://sakura-beauty-lab.com/products/este-quality-snail-secretion-sheet-mask-50-sheet","1","https://cdn.shopify.com/s/files/1/0866/2931/8961/files/5-1.jpg?v=1711707108","17 - ESTE QUALITY Snail Secretion Sheet Mask - 50 Sheet\001_5-1.jpg"
"ESTE QUALITY Snail Secretion Sheet Mask - 50 Sheet","este-quality-snail-secretion-sheet-mask-50-sheet","https://sakura-beauty-lab.com/products/este-quality-snail-secretion-sheet-mask-50-sheet","2","https://cdn.shopify.com/s/files/1/0866/2931/8961/files/9_ed592bed-6afe-483c-bfb2-1eecf112ed56.png?v=1719560384","17 - ESTE QUALITY Snail Secretion Sheet Mask - 50 Sheet\002_9_ed592bed-6afe-483c-bfb2-1eecf112ed56.png"
"ESTE QUALITY Snail Secretion Sheet Mask - 50 Sheet","este-quality-snail-secretion-sheet-mask-50-sheet","https://sakura-beauty-lab.com/products/este-quality-snail-secretion-sheet-mask-50-sheet","3","https://cdn.shopify.com/s/files/1/0866/2931/8961/files/2_f7144e5e-c0d7-4b1a-b03f-1678eee5e8da.png?v=1719560384","17 - ESTE QUALITY Snail Secretion Sheet Mask - 50 Sheet\003_2_f7144e5e-c0d7-4b1a-b03f-1678eee5e8da.png"
"ESTE QUALITY Snail Secretion Sheet Mask - 50 Sheet","este-quality-snail-secretion-sheet-mask-50-sheet","https://sakura-beauty-lab.com/products/este-quality-snail-secretion-sheet-mask-50-sheet","4","https://cdn.shopify.com/s/files/1/0866/2931/8961/files/3_da95781e-9501-4d69-8bef-eb5e6bdc61cb.png?v=1719560384","17 - ESTE QUALITY Snail Secretion Sheet Mask - 50 Sheet\004_3_da95781e-9501-4d69-8bef-eb5e6bdc61cb.png"
"ESTE QUALITY Snail Secretion Sheet Mask - 50 Sheet","este-quality-snail-secretion-sheet-mask-50-sheet","https://sakura-beauty-lab.com/products/este-quality-snail-secretion-sheet-mask-50-sheet","5","https://cdn.shopify.com/s/files/1/0866/2931/8961/files/4_be2f5386-5151-4f8f-889b-d94ce927df9a.png?v=1719560384","17 - ESTE QUALITY Snail Secretion Sheet Mask - 50 Sheet\005_4_be2f5386-5151-4f8f-889b-d94ce927df9a.png"
"ESTE QUALITY Snail Secretion Sheet Mask - 50 Sheet","este-quality-snail-secretion-sheet-mask-50-sheet","https://sakura-beauty-lab.com/products/este-quality-snail-secretion-sheet-mask-50-sheet","6","https://cdn.shopify.com/s/files/1/0866/2931/8961/files/5_02ff1110-5d9b-4caf-8dab-d05c6def2b9e.png?v=1719560384","17 - ESTE QUALITY Snail Secretion Sheet Mask - 50 Sheet\006_5_02ff1110-5d9b-4caf-8dab-d05c6def2b9e.png"
"ESTE QUALITY Snail Secretion Sheet Mask - 50 Sheet","este-quality-snail-secretion-sheet-mask-50-sheet","https://sakura-beauty-lab.com/products/este-quality-snail-secretion-sheet-mask-50-sheet","7","https://cdn.shopify.com/s/files/1/0866/2931/8961/files/6_1046bfa7-3959-4be9-985c-cd6a32b7c331.png?v=1719560384","17 - ESTE QUALITY Snail Secretion Sheet Mask - 50 Sheet\007_6_1046bfa7-3959-4be9-985c-cd6a32b7c331.png"
"ESTE QUALITY Snail Secretion Sheet Mask - 50 Sheet","este-quality-snail-secretion-sheet-mask-50-sheet","https://sakura-beauty-lab.com/products/este-quality-snail-secretion-sheet-mask-50-sheet","8","https://cdn.shopify.com/s/files/1/0866/2931/8961/files/7_e1287877-cd67-47da-947f-507f35bd184a.png?v=1719560384","17 - ESTE QUALITY Snail Secretion Sheet Mask - 50 Sheet\008_7_e1287877-cd67-47da-947f-507f35bd184a.png"
"ESTE QUALITY Snail Secretion Sheet Mask - 50 Sheet","este-quality-snail-secretion-sheet-mask-50-sheet","https://sakura-beauty-lab.com/products/este-quality-snail-secretion-sheet-mask-50-sheet","9","https://cdn.shopify.com/s/files/1/0866/2931/8961/files/8_6e2dc710-57ef-4df4-82e2-fd03376bb437.png?v=1719560384","17 - ESTE QUALITY Snail Secretion Sheet Mask - 50 Sheet\009_8_6e2dc710-57ef-4df4-82e2-fd03376bb437.png"
"ESTE QUALITY Snail Secretion Sheet Mask - 50 Sheet","este-quality-snail-secretion-sheet-mask-50-sheet","https://sakura-beauty-lab.com/products/este-quality-snail-secretion-sheet-mask-50-sheet","10","https://cdn.shopify.com/s/files/1/0866/2931/8961/files/IMG_3753_20b6902e-1a99-4d78-b080-bb1652d9e026.jpg?v=1719477722","17 - ESTE QUALITY Snail Secretion Sheet Mask - 50 Sheet\010_IMG_3753_20b6902e-1a99-4d78-b080-bb1652d9e026.jpg"
"ESTE QUALITY Snail Secretion Sheet Mask - 50 Sheet","este-quality-snail-secretion-sheet-mask-50-sheet","https://sakura-beauty-lab.com/products/este-quality-snail-secretion-sheet-mask-50-sheet","11","https://cdn.shopify.com/s/files/1/0866/2931/8961/files/3set.png?v=1719560384","17 - ESTE QUALITY Snail Secretion Sheet Mask - 50 Sheet\011_3set.png"
"PulluP SRS Marshmallow Moisturizing Sheet Mask - 12 Sheet","pullup-srs-marshmallow-moisturizing-sheet-mask-12-sheet","https://sakura-beauty-lab.com/products/pullup-srs-marshmallow-moisturizing-sheet-mask-12-sheet","1","https://cdn.shopify.com/s/files/1/0866/2931/8961/files/18c10cdf15f8b9ff374d450a719e5d6f_5116f7c3-25e4-4424-bc0a-aba7eb958a96.png?v=1719388485","18 - PulluP SRS Marshmallow Moisturizing Sheet Mask - 12 Sheet\001_18c10cdf15f8b9ff374d450a719e5d6f_5116f7c3-25e4-4424-bc0a-aba7eb958a96.png"
"PulluP SRS Marshmallow Moisturizing Sheet Mask - 12 Sheet","pullup-srs-marshmallow-moisturizing-sheet-mask-12-sheet","https://sakura-beauty-lab.com/products/pullup-srs-marshmallow-moisturizing-sheet-mask-12-sheet","2","https://cdn.shopify.com/s/files/1/0866/2931/8961/files/2_1c02c61a-4240-48e6-9e84-ba19e4e27b99.png?v=1719388485","18 - PulluP SRS Marshmallow Moisturizing Sheet Mask - 12 Sheet\002_2_1c02c61a-4240-48e6-9e84-ba19e4e27b99.png"
"PulluP SRS Marshmallow Moisturizing Sheet Mask - 12 Sheet","pullup-srs-marshmallow-moisturizing-sheet-mask-12-sheet","https://sakura-beauty-lab.com/products/pullup-srs-marshmallow-moisturizing-sheet-mask-12-sheet","3","https://cdn.shopify.com/s/files/1/0866/2931/8961/files/3_8388c112-50f2-43f1-9e5b-691f6e3e57ff.png?v=1719388485","18 - PulluP SRS Marshmallow Moisturizing Sheet Mask - 12 Sheet\003_3_8388c112-50f2-43f1-9e5b-691f6e3e57ff.png"
"PulluP SRS Marshmallow Moisturizing Sheet Mask - 12 Sheet","pullup-srs-marshmallow-moisturizing-sheet-mask-12-sheet","https://sakura-beauty-lab.com/products/pullup-srs-marshmallow-moisturizing-sheet-mask-12-sheet","4","https://cdn.shopify.com/s/files/1/0866/2931/8961/files/4_3476f598-c9dc-4b55-b4e5-218b8a97acf2.png?v=1719388485","18 - PulluP SRS Marshmallow Moisturizing Sheet Mask - 12 Sheet\004_4_3476f598-c9dc-4b55-b4e5-218b8a97acf2.png"
"PulluP SRS Marshmallow Moisturizing Sheet Mask - 12 Sheet","pullup-srs-marshmallow-moisturizing-sheet-mask-12-sheet","https://sakura-beauty-lab.com/products/pullup-srs-marshmallow-moisturizing-sheet-mask-12-sheet","5","https://cdn.shopify.com/s/files/1/0866/2931/8961/files/5_2471434f-aeb6-4388-9963-51778b98d8eb.png?v=1719388485","18 - PulluP SRS Marshmallow Moisturizing Sheet Mask - 12 Sheet\005_5_2471434f-aeb6-4388-9963-51778b98d8eb.png"
"PulluP SRS Marshmallow Moisturizing Sheet Mask - 12 Sheet","pullup-srs-marshmallow-moisturizing-sheet-mask-12-sheet","https://sakura-beauty-lab.com/products/pullup-srs-marshmallow-moisturizing-sheet-mask-12-sheet","6","https://cdn.shopify.com/s/files/1/0866/2931/8961/files/6_e4bf4185-4471-4ae9-81af-f6dca11a2a49.png?v=1719388485","18 - PulluP SRS Marshmallow Moisturizing Sheet Mask - 12 Sheet\006_6_e4bf4185-4471-4ae9-81af-f6dca11a2a49.png"
"PulluP SRS Marshmallow Moisturizing Sheet Mask - 12 Sheet","pullup-srs-marshmallow-moisturizing-sheet-mask-12-sheet","https://sakura-beauty-lab.com/products/pullup-srs-marshmallow-moisturizing-sheet-mask-12-sheet","7","https://cdn.shopify.com/s/files/1/0866/2931/8961/files/7_1610ff72-ce57-4be5-8a74-4e9a2d784f06.png?v=1719388485","18 - PulluP SRS Marshmallow Moisturizing Sheet Mask - 12 Sheet\007_7_1610ff72-ce57-4be5-8a74-4e9a2d784f06.png"
"PulluP SRS Marshmallow Moisturizing Sheet Mask - 12 Sheet","pullup-srs-marshmallow-moisturizing-sheet-mask-12-sheet","https://sakura-beauty-lab.com/products/pullup-srs-marshmallow-moisturizing-sheet-mask-12-sheet","8","https://cdn.shopify.com/s/files/1/0866/2931/8961/files/8_76c5fba8-4e89-4061-a7bd-386eb6fca5c7.png?v=1719388485","18 - PulluP SRS Marshmallow Moisturizing Sheet Mask - 12 Sheet\008_8_76c5fba8-4e89-4061-a7bd-386eb6fca5c7.png"
"PulluP SRS Marshmallow Moisturizing Sheet Mask - 12 Sheet","pullup-srs-marshmallow-moisturizing-sheet-mask-12-sheet","https://sakura-beauty-lab.com/products/pullup-srs-marshmallow-moisturizing-sheet-mask-12-sheet","9","https://cdn.shopify.com/s/files/1/0866/2931/8961/files/9_e4abbf9c-8e9b-4352-8649-e8421a642ffb.png?v=1719388485","18 - PulluP SRS Marshmallow Moisturizing Sheet Mask - 12 Sheet\009_9_e4abbf9c-8e9b-4352-8649-e8421a642ffb.png"
"PulluP SRS Marshmallow Moisturizing Sheet Mask - 12 Sheet","pullup-srs-marshmallow-moisturizing-sheet-mask-12-sheet","https://sakura-beauty-lab.com/products/pullup-srs-marshmallow-moisturizing-sheet-mask-12-sheet","10","https://cdn.shopify.com/s/files/1/0866/2931/8961/files/1-0.jpg?v=1719388485","18 - PulluP SRS Marshmallow Moisturizing Sheet Mask - 12 Sheet\010_1-0.jpg"
"PulluP SRS Marshmallow Moisturizing Sheet Mask - 12 Sheet","pullup-srs-marshmallow-moisturizing-sheet-mask-12-sheet","https://sakura-beauty-lab.com/products/pullup-srs-marshmallow-moisturizing-sheet-mask-12-sheet","11","https://cdn.shopify.com/s/files/1/0866/2931/8961/files/1-1.jpg?v=1719388485","18 - PulluP SRS Marshmallow Moisturizing Sheet Mask - 12 Sheet\011_1-1.jpg"
"PulluP SRS Marshmallow Moisturizing Sheet Mask - 12 Sheet","pullup-srs-marshmallow-moisturizing-sheet-mask-12-sheet","https://sakura-beauty-lab.com/products/pullup-srs-marshmallow-moisturizing-sheet-mask-12-sheet","12","https://cdn.shopify.com/s/files/1/0866/2931/8961/files/PulluP1500.jpg?v=1721638424","18 - PulluP SRS Marshmallow Moisturizing Sheet Mask - 12 Sheet\012_PulluP1500.jpg"
"Arbro EG Smooth Sheet Mask - 40 Sheet","arbro-eg-smooth-sheet-mask-40-sheet","https://sakura-beauty-lab.com/products/arbro-eg-smooth-sheet-mask-40-sheet","1","https://cdn.shopify.com/s/files/1/0866/2931/8961/files/6-1_790aacec-c17d-4000-9952-7afd37f52903.jpg?v=1719382341","19 - Arbro EG Smooth Sheet Mask - 40 Sheet\001_6-1_790aacec-c17d-4000-9952-7afd37f52903.jpg"
"Arbro EG Smooth Sheet Mask - 40 Sheet","arbro-eg-smooth-sheet-mask-40-sheet","https://sakura-beauty-lab.com/products/arbro-eg-smooth-sheet-mask-40-sheet","2","https://cdn.shopify.com/s/files/1/0866/2931/8961/files/1_cf72ec8b-d279-4076-a3db-fdcadf6bb6d5.png?v=1719382341","19 - Arbro EG Smooth Sheet Mask - 40 Sheet\002_1_cf72ec8b-d279-4076-a3db-fdcadf6bb6d5.png"
"Arbro EG Smooth Sheet Mask - 40 Sheet","arbro-eg-smooth-sheet-mask-40-sheet","https://sakura-beauty-lab.com/products/arbro-eg-smooth-sheet-mask-40-sheet","3","https://cdn.shopify.com/s/files/1/0866/2931/8961/files/2_870f4e07-5def-40fc-98b7-7d977c45d2db.png?v=1719382341","19 - Arbro EG Smooth Sheet Mask - 40 Sheet\003_2_870f4e07-5def-40fc-98b7-7d977c45d2db.png"
"Arbro EG Smooth Sheet Mask - 40 Sheet","arbro-eg-smooth-sheet-mask-40-sheet","https://sakura-beauty-lab.com/products/arbro-eg-smooth-sheet-mask-40-sheet","4","https://cdn.shopify.com/s/files/1/0866/2931/8961/files/3_7c6b8ce7-afbe-458e-8f77-4caa9da99fe2.png?v=1719382341","19 - Arbro EG Smooth Sheet Mask - 40 Sheet\004_3_7c6b8ce7-afbe-458e-8f77-4caa9da99fe2.png"
"Arbro EG Smooth Sheet Mask - 40 Sheet","arbro-eg-smooth-sheet-mask-40-sheet","https://sakura-beauty-lab.com/products/arbro-eg-smooth-sheet-mask-40-sheet","5","https://cdn.shopify.com/s/files/1/0866/2931/8961/files/4_3d93b974-246a-4e8c-9c08-b6485cd71600.png?v=1719382341","19 - Arbro EG Smooth Sheet Mask - 40 Sheet\005_4_3d93b974-246a-4e8c-9c08-b6485cd71600.png"
"Arbro EG Smooth Sheet Mask - 40 Sheet","arbro-eg-smooth-sheet-mask-40-sheet","https://sakura-beauty-lab.com/products/arbro-eg-smooth-sheet-mask-40-sheet","6","https://cdn.shopify.com/s/files/1/0866/2931/8961/files/5_d6f7cfcb-1cd1-46e6-874b-2ca62cc6df1a.png?v=1719382341","19 - Arbro EG Smooth Sheet Mask - 40 Sheet\006_5_d6f7cfcb-1cd1-46e6-874b-2ca62cc6df1a.png"
"Arbro EG Smooth Sheet Mask - 40 Sheet","arbro-eg-smooth-sheet-mask-40-sheet","https://sakura-beauty-lab.com/products/arbro-eg-smooth-sheet-mask-40-sheet","7","https://cdn.shopify.com/s/files/1/0866/2931/8961/files/6_6c72d9d3-d9c0-4f0a-99c2-73837c031d35.png?v=1719382341","19 - Arbro EG Smooth Sheet Mask - 40 Sheet\007_6_6c72d9d3-d9c0-4f0a-99c2-73837c031d35.png"
"Arbro EG Smooth Sheet Mask - 40 Sheet","arbro-eg-smooth-sheet-mask-40-sheet","https://sakura-beauty-lab.com/products/arbro-eg-smooth-sheet-mask-40-sheet","8","https://cdn.shopify.com/s/files/1/0866/2931/8961/files/7_9f257c75-d1a2-444c-b7ab-efad8bb712aa.png?v=1719382341","19 - Arbro EG Smooth Sheet Mask - 40 Sheet\008_7_9f257c75-d1a2-444c-b7ab-efad8bb712aa.png"
"ESTE QUALITY  Horse Oil Sheet Mask - 50 Sheet","este-quality-horse-oil-sheet-mask-50-sheet","https://sakura-beauty-lab.com/products/este-quality-horse-oil-sheet-mask-50-sheet","1","https://cdn.shopify.com/s/files/1/0866/2931/8961/files/5-3.jpg?v=1711707124","20 - ESTE QUALITY Horse Oil Sheet Mask - 50 Sheet\001_5-3.jpg"
"ESTE QUALITY  Horse Oil Sheet Mask - 50 Sheet","este-quality-horse-oil-sheet-mask-50-sheet","https://sakura-beauty-lab.com/products/este-quality-horse-oil-sheet-mask-50-sheet","2","https://cdn.shopify.com/s/files/1/0866/2931/8961/files/7_776f48f2-c370-4252-bdb9-c8745c4f40de.png?v=1719560358","20 - ESTE QUALITY Horse Oil Sheet Mask - 50 Sheet\002_7_776f48f2-c370-4252-bdb9-c8745c4f40de.png"
"ESTE QUALITY  Horse Oil Sheet Mask - 50 Sheet","este-quality-horse-oil-sheet-mask-50-sheet","https://sakura-beauty-lab.com/products/este-quality-horse-oil-sheet-mask-50-sheet","3","https://cdn.shopify.com/s/files/1/0866/2931/8961/files/1_ea47fa80-c266-4a9e-9d64-ff764b058db6.png?v=1719560358","20 - ESTE QUALITY Horse Oil Sheet Mask - 50 Sheet\003_1_ea47fa80-c266-4a9e-9d64-ff764b058db6.png"
"ESTE QUALITY  Horse Oil Sheet Mask - 50 Sheet","este-quality-horse-oil-sheet-mask-50-sheet","https://sakura-beauty-lab.com/products/este-quality-horse-oil-sheet-mask-50-sheet","4","https://cdn.shopify.com/s/files/1/0866/2931/8961/files/2_322ef5d9-f957-4086-a196-5ee913c8be17.png?v=1719560358","20 - ESTE QUALITY Horse Oil Sheet Mask - 50 Sheet\004_2_322ef5d9-f957-4086-a196-5ee913c8be17.png"
"ESTE QUALITY  Horse Oil Sheet Mask - 50 Sheet","este-quality-horse-oil-sheet-mask-50-sheet","https://sakura-beauty-lab.com/products/este-quality-horse-oil-sheet-mask-50-sheet","5","https://cdn.shopify.com/s/files/1/0866/2931/8961/files/3_f05054d9-5800-47df-a086-751edbff6e66.png?v=1719560358","20 - ESTE QUALITY Horse Oil Sheet Mask - 50 Sheet\005_3_f05054d9-5800-47df-a086-751edbff6e66.png"
"ESTE QUALITY  Horse Oil Sheet Mask - 50 Sheet","este-quality-horse-oil-sheet-mask-50-sheet","https://sakura-beauty-lab.com/products/este-quality-horse-oil-sheet-mask-50-sheet","6","https://cdn.shopify.com/s/files/1/0866/2931/8961/files/4_7e0512a9-3615-45e0-a828-92b9e81a6296.png?v=1719560358","20 - ESTE QUALITY Horse Oil Sheet Mask - 50 Sheet\006_4_7e0512a9-3615-45e0-a828-92b9e81a6296.png"
"ESTE QUALITY  Horse Oil Sheet Mask - 50 Sheet","este-quality-horse-oil-sheet-mask-50-sheet","https://sakura-beauty-lab.com/products/este-quality-horse-oil-sheet-mask-50-sheet","7","https://cdn.shopify.com/s/files/1/0866/2931/8961/files/5_195e3d16-e75c-49f2-b51b-8c10183ec887.png?v=1719560358","20 - ESTE QUALITY Horse Oil Sheet Mask - 50 Sheet\007_5_195e3d16-e75c-49f2-b51b-8c10183ec887.png"
"ESTE QUALITY  Horse Oil Sheet Mask - 50 Sheet","este-quality-horse-oil-sheet-mask-50-sheet","https://sakura-beauty-lab.com/products/este-quality-horse-oil-sheet-mask-50-sheet","8","https://cdn.shopify.com/s/files/1/0866/2931/8961/files/6_fd076936-b359-4559-aa09-4c10ae49e0d8.png?v=1719560358","20 - ESTE QUALITY Horse Oil Sheet Mask - 50 Sheet\008_6_fd076936-b359-4559-aa09-4c10ae49e0d8.png"
"ESTE QUALITY  Horse Oil Sheet Mask - 50 Sheet","este-quality-horse-oil-sheet-mask-50-sheet","https://sakura-beauty-lab.com/products/este-quality-horse-oil-sheet-mask-50-sheet","9","https://cdn.shopify.com/s/files/1/0866/2931/8961/files/a657bd3b9028857e2508b7b611c15657_9be5fdb1-af2a-4271-9543-75bc62782958.png?v=1719560358","20 - ESTE QUALITY Horse Oil Sheet Mask - 50 Sheet\009_a657bd3b9028857e2508b7b611c15657_9be5fdb1-af2a-4271-9543-75bc62782958.png"
"ESTE QUALITY  Horse Oil Sheet Mask - 50 Sheet","este-quality-horse-oil-sheet-mask-50-sheet","https://sakura-beauty-lab.com/products/este-quality-horse-oil-sheet-mask-50-sheet","10","https://cdn.shopify.com/s/files/1/0866/2931/8961/files/IMG_3753_20b6902e-1a99-4d78-b080-bb1652d9e026.jpg?v=1719477722","20 - ESTE QUALITY Horse Oil Sheet Mask - 50 Sheet\010_IMG_3753_20b6902e-1a99-4d78-b080-bb1652d9e026.jpg"
"ESTE QUALITY  Viper Peptide Sheet Mask - 50 Sheet","este-quality-viper-peptide-sheet-mask-50-sheet","https://sakura-beauty-lab.com/products/este-quality-viper-peptide-sheet-mask-50-sheet","1","https://cdn.shopify.com/s/files/1/0866/2931/8961/files/5-2.jpg?v=1711707116","21 - ESTE QUALITY Viper Peptide Sheet Mask - 50 Sheet\001_5-2.jpg"
"ESTE QUALITY  Viper Peptide Sheet Mask - 50 Sheet","este-quality-viper-peptide-sheet-mask-50-sheet","https://sakura-beauty-lab.com/products/este-quality-viper-peptide-sheet-mask-50-sheet","2","https://cdn.shopify.com/s/files/1/0866/2931/8961/files/7_4e700c1e-86eb-4b94-b07a-746b6fcdce20.png?v=1719560374","21 - ESTE QUALITY Viper Peptide Sheet Mask - 50 Sheet\002_7_4e700c1e-86eb-4b94-b07a-746b6fcdce20.png"
"ESTE QUALITY  Viper Peptide Sheet Mask - 50 Sheet","este-quality-viper-peptide-sheet-mask-50-sheet","https://sakura-beauty-lab.com/products/este-quality-viper-peptide-sheet-mask-50-sheet","3","https://cdn.shopify.com/s/files/1/0866/2931/8961/files/1_c20418c4-81d4-41a3-b2ab-e734a7fb87e9.png?v=1719560374","21 - ESTE QUALITY Viper Peptide Sheet Mask - 50 Sheet\003_1_c20418c4-81d4-41a3-b2ab-e734a7fb87e9.png"
"ESTE QUALITY  Viper Peptide Sheet Mask - 50 Sheet","este-quality-viper-peptide-sheet-mask-50-sheet","https://sakura-beauty-lab.com/products/este-quality-viper-peptide-sheet-mask-50-sheet","4","https://cdn.shopify.com/s/files/1/0866/2931/8961/files/2_c833350d-bab5-4770-ad98-df81fec5b5b9.png?v=1719560374","21 - ESTE QUALITY Viper Peptide Sheet Mask - 50 Sheet\004_2_c833350d-bab5-4770-ad98-df81fec5b5b9.png"
"ESTE QUALITY  Viper Peptide Sheet Mask - 50 Sheet","este-quality-viper-peptide-sheet-mask-50-sheet","https://sakura-beauty-lab.com/products/este-quality-viper-peptide-sheet-mask-50-sheet","5","https://cdn.shopify.com/s/files/1/0866/2931/8961/files/3_078d3318-c29d-4b91-8743-6bc331c692ca.png?v=1719560374","21 - ESTE QUALITY Viper Peptide Sheet Mask - 50 Sheet\005_3_078d3318-c29d-4b91-8743-6bc331c692ca.png"
"ESTE QUALITY  Viper Peptide Sheet Mask - 50 Sheet","este-quality-viper-peptide-sheet-mask-50-sheet","https://sakura-beauty-lab.com/products/este-quality-viper-peptide-sheet-mask-50-sheet","6","https://cdn.shopify.com/s/files/1/0866/2931/8961/files/4_3cd49f0c-b0dd-481d-92af-94e4efb2512b.png?v=1719560374","21 - ESTE QUALITY Viper Peptide Sheet Mask - 50 Sheet\006_4_3cd49f0c-b0dd-481d-92af-94e4efb2512b.png"
"ESTE QUALITY  Viper Peptide Sheet Mask - 50 Sheet","este-quality-viper-peptide-sheet-mask-50-sheet","https://sakura-beauty-lab.com/products/este-quality-viper-peptide-sheet-mask-50-sheet","7","https://cdn.shopify.com/s/files/1/0866/2931/8961/files/5_03b5c149-2a09-46dd-bf5e-5ed00709715d.png?v=1719560374","21 - ESTE QUALITY Viper Peptide Sheet Mask - 50 Sheet\007_5_03b5c149-2a09-46dd-bf5e-5ed00709715d.png"
"ESTE QUALITY  Viper Peptide Sheet Mask - 50 Sheet","este-quality-viper-peptide-sheet-mask-50-sheet","https://sakura-beauty-lab.com/products/este-quality-viper-peptide-sheet-mask-50-sheet","8","https://cdn.shopify.com/s/files/1/0866/2931/8961/files/6_128e59b0-3a38-48e0-a7b4-5217151ac4ae.png?v=1719560374","21 - ESTE QUALITY Viper Peptide Sheet Mask - 50 Sheet\008_6_128e59b0-3a38-48e0-a7b4-5217151ac4ae.png"
"ESTE QUALITY  Viper Peptide Sheet Mask - 50 Sheet","este-quality-viper-peptide-sheet-mask-50-sheet","https://sakura-beauty-lab.com/products/este-quality-viper-peptide-sheet-mask-50-sheet","9","https://cdn.shopify.com/s/files/1/0866/2931/8961/files/a657bd3b9028857e2508b7b611c15657_d4e16000-0b6f-4534-a6e1-c437e43e6d31.png?v=1719560374","21 - ESTE QUALITY Viper Peptide Sheet Mask - 50 Sheet\009_a657bd3b9028857e2508b7b611c15657_d4e16000-0b6f-4534-a6e1-c437e43e6d31.png"
"ESTE QUALITY  Viper Peptide Sheet Mask - 50 Sheet","este-quality-viper-peptide-sheet-mask-50-sheet","https://sakura-beauty-lab.com/products/este-quality-viper-peptide-sheet-mask-50-sheet","10","https://cdn.shopify.com/s/files/1/0866/2931/8961/files/IMG_3753.jpg?v=1719560374","21 - ESTE QUALITY Viper Peptide Sheet Mask - 50 Sheet\010_IMG_3753.jpg"
"Earthful Beauty i Sheet Mask Geranium Scent - 10 Sheet","earthful-beauty-i-sheet-mask-geranium-scent-10-sheet","https://sakura-beauty-lab.com/products/earthful-beauty-i-sheet-mask-geranium-scent-10-sheet","1","https://cdn.shopify.com/s/files/1/0866/2931/8961/files/3-5.jpg?v=1711706988","22 - Earthful Beauty i Sheet Mask Geranium Scent - 10 Sheet\001_3-5.jpg"
"Earthful Beauty i Sheet Mask Geranium Scent - 10 Sheet","earthful-beauty-i-sheet-mask-geranium-scent-10-sheet","https://sakura-beauty-lab.com/products/earthful-beauty-i-sheet-mask-geranium-scent-10-sheet","2","https://cdn.shopify.com/s/files/1/0866/2931/8961/files/1_e9e2d750-827d-4a24-9384-7eb45d9278b5.png?v=1719387601","22 - Earthful Beauty i Sheet Mask Geranium Scent - 10 Sheet\002_1_e9e2d750-827d-4a24-9384-7eb45d9278b5.png"
"Earthful Beauty i Sheet Mask Geranium Scent - 10 Sheet","earthful-beauty-i-sheet-mask-geranium-scent-10-sheet","https://sakura-beauty-lab.com/products/earthful-beauty-i-sheet-mask-geranium-scent-10-sheet","3","https://cdn.shopify.com/s/files/1/0866/2931/8961/files/5_c150d06e-1376-4108-9a07-168a5a234760.png?v=1719386773","22 - Earthful Beauty i Sheet Mask Geranium Scent - 10 Sheet\003_5_c150d06e-1376-4108-9a07-168a5a234760.png"
"Earthful Beauty i Sheet Mask Geranium Scent - 10 Sheet","earthful-beauty-i-sheet-mask-geranium-scent-10-sheet","https://sakura-beauty-lab.com/products/earthful-beauty-i-sheet-mask-geranium-scent-10-sheet","4","https://cdn.shopify.com/s/files/1/0866/2931/8961/files/4_f5c6feb8-23c5-4d8b-82cb-78eba984dde8.png?v=1719386910","22 - Earthful Beauty i Sheet Mask Geranium Scent - 10 Sheet\004_4_f5c6feb8-23c5-4d8b-82cb-78eba984dde8.png"
"Earthful Beauty i Sheet Mask Geranium Scent - 10 Sheet","earthful-beauty-i-sheet-mask-geranium-scent-10-sheet","https://sakura-beauty-lab.com/products/earthful-beauty-i-sheet-mask-geranium-scent-10-sheet","5","https://cdn.shopify.com/s/files/1/0866/2931/8961/files/2_b474ebd5-c008-4e8f-8974-1fbdbf4c0ec3.png?v=1719386910","22 - Earthful Beauty i Sheet Mask Geranium Scent - 10 Sheet\005_2_b474ebd5-c008-4e8f-8974-1fbdbf4c0ec3.png"
"Earthful Beauty i Sheet Mask Geranium Scent - 10 Sheet","earthful-beauty-i-sheet-mask-geranium-scent-10-sheet","https://sakura-beauty-lab.com/products/earthful-beauty-i-sheet-mask-geranium-scent-10-sheet","6","https://cdn.shopify.com/s/files/1/0866/2931/8961/files/a657bd3b9028857e2508b7b611c15657_dfad5d11-65d5-4cc8-91d4-143a35992009.png?v=1719386910","22 - Earthful Beauty i Sheet Mask Geranium Scent - 10 Sheet\006_a657bd3b9028857e2508b7b611c15657_dfad5d11-65d5-4cc8-91d4-143a35992009.png"
"Earthful Beauty i Sheet Mask Geranium Scent - 10 Sheet","earthful-beauty-i-sheet-mask-geranium-scent-10-sheet","https://sakura-beauty-lab.com/products/earthful-beauty-i-sheet-mask-geranium-scent-10-sheet","7","https://cdn.shopify.com/s/files/1/0866/2931/8961/files/2_c8bd70b2-2e35-4dc2-8916-37449a5c2ffa.png?v=1719386910","22 - Earthful Beauty i Sheet Mask Geranium Scent - 10 Sheet\007_2_c8bd70b2-2e35-4dc2-8916-37449a5c2ffa.png"
"Earthful Beauty i Sheet Mask Geranium Scent - 10 Sheet","earthful-beauty-i-sheet-mask-geranium-scent-10-sheet","https://sakura-beauty-lab.com/products/earthful-beauty-i-sheet-mask-geranium-scent-10-sheet","8","https://cdn.shopify.com/s/files/1/0866/2931/8961/files/3_298b76cd-ae55-4f84-9fd8-48688085203b.png?v=1719386910","22 - Earthful Beauty i Sheet Mask Geranium Scent - 10 Sheet\008_3_298b76cd-ae55-4f84-9fd8-48688085203b.png"
"Earthful Beauty i Sheet Mask Geranium Scent - 10 Sheet","earthful-beauty-i-sheet-mask-geranium-scent-10-sheet","https://sakura-beauty-lab.com/products/earthful-beauty-i-sheet-mask-geranium-scent-10-sheet","9","https://cdn.shopify.com/s/files/1/0866/2931/8961/files/7_963f4e97-c86f-4862-9d20-58c4813298b1.png?v=1719386910","22 - Earthful Beauty i Sheet Mask Geranium Scent - 10 Sheet\009_7_963f4e97-c86f-4862-9d20-58c4813298b1.png"
"Earthful Beauty i Sheet Mask Geranium Scent - 10 Sheet","earthful-beauty-i-sheet-mask-geranium-scent-10-sheet","https://sakura-beauty-lab.com/products/earthful-beauty-i-sheet-mask-geranium-scent-10-sheet","10","https://cdn.shopify.com/s/files/1/0866/2931/8961/files/2_a5df95bf-bfa7-4fba-a98d-9ddb386ff052.png?v=1719387661","22 - Earthful Beauty i Sheet Mask Geranium Scent - 10 Sheet\010_2_a5df95bf-bfa7-4fba-a98d-9ddb386ff052.png"
"Earthful Beauty i Sheet Mask Immortelle Scent - 10 Sheet","earthful-beauty-i-sheet-mask-immortelle-scent-10-sheet","https://sakura-beauty-lab.com/products/earthful-beauty-i-sheet-mask-immortelle-scent-10-sheet","1","https://cdn.shopify.com/s/files/1/0866/2931/8961/files/3-4.jpg?v=1711706980","23 - Earthful Beauty i Sheet Mask Immortelle Scent - 10 Sheet\001_3-4.jpg"
"Earthful Beauty i Sheet Mask Immortelle Scent - 10 Sheet","earthful-beauty-i-sheet-mask-immortelle-scent-10-sheet","https://sakura-beauty-lab.com/products/earthful-beauty-i-sheet-mask-immortelle-scent-10-sheet","2","https://cdn.shopify.com/s/files/1/0866/2931/8961/files/1_04776977-e0d3-49af-858a-2b627ecf71dc.png?v=1719386742","23 - Earthful Beauty i Sheet Mask Immortelle Scent - 10 Sheet\002_1_04776977-e0d3-49af-858a-2b627ecf71dc.png"
"Earthful Beauty i Sheet Mask Immortelle Scent - 10 Sheet","earthful-beauty-i-sheet-mask-immortelle-scent-10-sheet","https://sakura-beauty-lab.com/products/earthful-beauty-i-sheet-mask-immortelle-scent-10-sheet","3","https://cdn.shopify.com/s/files/1/0866/2931/8961/files/5_c150d06e-1376-4108-9a07-168a5a234760.png?v=1719386773","23 - Earthful Beauty i Sheet Mask Immortelle Scent - 10 Sheet\003_5_c150d06e-1376-4108-9a07-168a5a234760.png"
"Earthful Beauty i Sheet Mask Immortelle Scent - 10 Sheet","earthful-beauty-i-sheet-mask-immortelle-scent-10-sheet","https://sakura-beauty-lab.com/products/earthful-beauty-i-sheet-mask-immortelle-scent-10-sheet","4","https://cdn.shopify.com/s/files/1/0866/2931/8961/files/4_f5c6feb8-23c5-4d8b-82cb-78eba984dde8.png?v=1719386910","23 - Earthful Beauty i Sheet Mask Immortelle Scent - 10 Sheet\004_4_f5c6feb8-23c5-4d8b-82cb-78eba984dde8.png"
"Earthful Beauty i Sheet Mask Immortelle Scent - 10 Sheet","earthful-beauty-i-sheet-mask-immortelle-scent-10-sheet","https://sakura-beauty-lab.com/products/earthful-beauty-i-sheet-mask-immortelle-scent-10-sheet","5","https://cdn.shopify.com/s/files/1/0866/2931/8961/files/2_b474ebd5-c008-4e8f-8974-1fbdbf4c0ec3.png?v=1719386910","23 - Earthful Beauty i Sheet Mask Immortelle Scent - 10 Sheet\005_2_b474ebd5-c008-4e8f-8974-1fbdbf4c0ec3.png"
"Earthful Beauty i Sheet Mask Immortelle Scent - 10 Sheet","earthful-beauty-i-sheet-mask-immortelle-scent-10-sheet","https://sakura-beauty-lab.com/products/earthful-beauty-i-sheet-mask-immortelle-scent-10-sheet","6","https://cdn.shopify.com/s/files/1/0866/2931/8961/files/a657bd3b9028857e2508b7b611c15657_dfad5d11-65d5-4cc8-91d4-143a35992009.png?v=1719386910","23 - Earthful Beauty i Sheet Mask Immortelle Scent - 10 Sheet\006_a657bd3b9028857e2508b7b611c15657_dfad5d11-65d5-4cc8-91d4-143a35992009.png"
"Earthful Beauty i Sheet Mask Immortelle Scent - 10 Sheet","earthful-beauty-i-sheet-mask-immortelle-scent-10-sheet","https://sakura-beauty-lab.com/products/earthful-beauty-i-sheet-mask-immortelle-scent-10-sheet","7","https://cdn.shopify.com/s/files/1/0866/2931/8961/files/2_c8bd70b2-2e35-4dc2-8916-37449a5c2ffa.png?v=1719386910","23 - Earthful Beauty i Sheet Mask Immortelle Scent - 10 Sheet\007_2_c8bd70b2-2e35-4dc2-8916-37449a5c2ffa.png"
"Earthful Beauty i Sheet Mask Immortelle Scent - 10 Sheet","earthful-beauty-i-sheet-mask-immortelle-scent-10-sheet","https://sakura-beauty-lab.com/products/earthful-beauty-i-sheet-mask-immortelle-scent-10-sheet","8","https://cdn.shopify.com/s/files/1/0866/2931/8961/files/3_298b76cd-ae55-4f84-9fd8-48688085203b.png?v=1719386910","23 - Earthful Beauty i Sheet Mask Immortelle Scent - 10 Sheet\008_3_298b76cd-ae55-4f84-9fd8-48688085203b.png"
"Earthful Beauty i Sheet Mask Immortelle Scent - 10 Sheet","earthful-beauty-i-sheet-mask-immortelle-scent-10-sheet","https://sakura-beauty-lab.com/products/earthful-beauty-i-sheet-mask-immortelle-scent-10-sheet","9","https://cdn.shopify.com/s/files/1/0866/2931/8961/files/7_963f4e97-c86f-4862-9d20-58c4813298b1.png?v=1719386910","23 - Earthful Beauty i Sheet Mask Immortelle Scent - 10 Sheet\009_7_963f4e97-c86f-4862-9d20-58c4813298b1.png"
"Earthful Beauty i Sheet Mask Immortelle Scent - 10 Sheet","earthful-beauty-i-sheet-mask-immortelle-scent-10-sheet","https://sakura-beauty-lab.com/products/earthful-beauty-i-sheet-mask-immortelle-scent-10-sheet","10","https://cdn.shopify.com/s/files/1/0866/2931/8961/files/2_7b8e40cc-e864-48bf-9921-fbdf5e98f492.png?v=1719386910","23 - Earthful Beauty i Sheet Mask Immortelle Scent - 10 Sheet\010_2_7b8e40cc-e864-48bf-9921-fbdf5e98f492.png"
"Earthful Beauty i Sheet Mask Verbena Scent - 10 Sheet","earthful-beauty-i-sheet-mask-verbena-scent-10-sheet-1","https://sakura-beauty-lab.com/products/earthful-beauty-i-sheet-mask-verbena-scent-10-sheet-1","1","https://cdn.shopify.com/s/files/1/0866/2931/8961/files/3-3.jpg?v=1711706969","24 - Earthful Beauty i Sheet Mask Verbena Scent - 10 Sheet\001_3-3.jpg"
"Earthful Beauty i Sheet Mask Verbena Scent - 10 Sheet","earthful-beauty-i-sheet-mask-verbena-scent-10-sheet-1","https://sakura-beauty-lab.com/products/earthful-beauty-i-sheet-mask-verbena-scent-10-sheet-1","2","https://cdn.shopify.com/s/files/1/0866/2931/8961/files/1_77b76f57-ef25-4ed0-945e-259a0d6fe2db.png?v=1719387156","24 - Earthful Beauty i Sheet Mask Verbena Scent - 10 Sheet\002_1_77b76f57-ef25-4ed0-945e-259a0d6fe2db.png"
"Earthful Beauty i Sheet Mask Verbena Scent - 10 Sheet","earthful-beauty-i-sheet-mask-verbena-scent-10-sheet-1","https://sakura-beauty-lab.com/products/earthful-beauty-i-sheet-mask-verbena-scent-10-sheet-1","3","https://cdn.shopify.com/s/files/1/0866/2931/8961/files/5_c150d06e-1376-4108-9a07-168a5a234760.png?v=1719386773","24 - Earthful Beauty i Sheet Mask Verbena Scent - 10 Sheet\003_5_c150d06e-1376-4108-9a07-168a5a234760.png"
"Earthful Beauty i Sheet Mask Verbena Scent - 10 Sheet","earthful-beauty-i-sheet-mask-verbena-scent-10-sheet-1","https://sakura-beauty-lab.com/products/earthful-beauty-i-sheet-mask-verbena-scent-10-sheet-1","4","https://cdn.shopify.com/s/files/1/0866/2931/8961/files/4_f5c6feb8-23c5-4d8b-82cb-78eba984dde8.png?v=1719386910","24 - Earthful Beauty i Sheet Mask Verbena Scent - 10 Sheet\004_4_f5c6feb8-23c5-4d8b-82cb-78eba984dde8.png"
"Earthful Beauty i Sheet Mask Verbena Scent - 10 Sheet","earthful-beauty-i-sheet-mask-verbena-scent-10-sheet-1","https://sakura-beauty-lab.com/products/earthful-beauty-i-sheet-mask-verbena-scent-10-sheet-1","5","https://cdn.shopify.com/s/files/1/0866/2931/8961/files/2_b474ebd5-c008-4e8f-8974-1fbdbf4c0ec3.png?v=1719386910","24 - Earthful Beauty i Sheet Mask Verbena Scent - 10 Sheet\005_2_b474ebd5-c008-4e8f-8974-1fbdbf4c0ec3.png"
"Earthful Beauty i Sheet Mask Verbena Scent - 10 Sheet","earthful-beauty-i-sheet-mask-verbena-scent-10-sheet-1","https://sakura-beauty-lab.com/products/earthful-beauty-i-sheet-mask-verbena-scent-10-sheet-1","6","https://cdn.shopify.com/s/files/1/0866/2931/8961/files/a657bd3b9028857e2508b7b611c15657_dfad5d11-65d5-4cc8-91d4-143a35992009.png?v=1719386910","24 - Earthful Beauty i Sheet Mask Verbena Scent - 10 Sheet\006_a657bd3b9028857e2508b7b611c15657_dfad5d11-65d5-4cc8-91d4-143a35992009.png"
"Earthful Beauty i Sheet Mask Verbena Scent - 10 Sheet","earthful-beauty-i-sheet-mask-verbena-scent-10-sheet-1","https://sakura-beauty-lab.com/products/earthful-beauty-i-sheet-mask-verbena-scent-10-sheet-1","7","https://cdn.shopify.com/s/files/1/0866/2931/8961/files/2_c8bd70b2-2e35-4dc2-8916-37449a5c2ffa.png?v=1719386910","24 - Earthful Beauty i Sheet Mask Verbena Scent - 10 Sheet\007_2_c8bd70b2-2e35-4dc2-8916-37449a5c2ffa.png"
"Earthful Beauty i Sheet Mask Verbena Scent - 10 Sheet","earthful-beauty-i-sheet-mask-verbena-scent-10-sheet-1","https://sakura-beauty-lab.com/products/earthful-beauty-i-sheet-mask-verbena-scent-10-sheet-1","8","https://cdn.shopify.com/s/files/1/0866/2931/8961/files/3_298b76cd-ae55-4f84-9fd8-48688085203b.png?v=1719386910","24 - Earthful Beauty i Sheet Mask Verbena Scent - 10 Sheet\008_3_298b76cd-ae55-4f84-9fd8-48688085203b.png"
"Earthful Beauty i Sheet Mask Verbena Scent - 10 Sheet","earthful-beauty-i-sheet-mask-verbena-scent-10-sheet-1","https://sakura-beauty-lab.com/products/earthful-beauty-i-sheet-mask-verbena-scent-10-sheet-1","9","https://cdn.shopify.com/s/files/1/0866/2931/8961/files/7_963f4e97-c86f-4862-9d20-58c4813298b1.png?v=1719386910","24 - Earthful Beauty i Sheet Mask Verbena Scent - 10 Sheet\009_7_963f4e97-c86f-4862-9d20-58c4813298b1.png"
"Earthful Beauty i Sheet Mask Verbena Scent - 10 Sheet","earthful-beauty-i-sheet-mask-verbena-scent-10-sheet-1","https://sakura-beauty-lab.com/products/earthful-beauty-i-sheet-mask-verbena-scent-10-sheet-1","10","https://cdn.shopify.com/s/files/1/0866/2931/8961/files/2_fadeb562-5e21-451c-a4f8-680b8b186bd6.png?v=1719387155","24 - Earthful Beauty i Sheet Mask Verbena Scent - 10 Sheet\010_2_fadeb562-5e21-451c-a4f8-680b8b186bd6.png"
"Earthful Beauty i Sheet Mask Verbena Scent - 30 Sheet","earthful-beauty-i-sheet-mask-verbena-scent-30-sheet","https://sakura-beauty-lab.com/products/earthful-beauty-i-sheet-mask-verbena-scent-30-sheet","1","https://cdn.shopify.com/s/files/1/0866/2931/8961/files/3-2.jpg?v=1711706956","25 - Earthful Beauty i Sheet Mask Verbena Scent - 30 Sheet\001_3-2.jpg"
"Earthful Beauty i Sheet Mask Verbena Scent - 30 Sheet","earthful-beauty-i-sheet-mask-verbena-scent-30-sheet","https://sakura-beauty-lab.com/products/earthful-beauty-i-sheet-mask-verbena-scent-30-sheet","2","https://cdn.shopify.com/s/files/1/0866/2931/8961/files/3-1.jpg?v=1711706956","25 - Earthful Beauty i Sheet Mask Verbena Scent - 30 Sheet\002_3-1.jpg"
"Earthful Beauty i Sheet Mask Verbena Scent - 30 Sheet","earthful-beauty-i-sheet-mask-verbena-scent-30-sheet","https://sakura-beauty-lab.com/products/earthful-beauty-i-sheet-mask-verbena-scent-30-sheet","3","https://cdn.shopify.com/s/files/1/0866/2931/8961/files/18c10cdf15f8b9ff374d450a719e5d6f.png?v=1719383558","25 - Earthful Beauty i Sheet Mask Verbena Scent - 30 Sheet\003_18c10cdf15f8b9ff374d450a719e5d6f.png"
"Earthful Beauty i Sheet Mask Verbena Scent - 30 Sheet","earthful-beauty-i-sheet-mask-verbena-scent-30-sheet","https://sakura-beauty-lab.com/products/earthful-beauty-i-sheet-mask-verbena-scent-30-sheet","4","https://cdn.shopify.com/s/files/1/0866/2931/8961/files/6_9623ab31-f6ac-40f6-93f7-d174db345720.png?v=1719383568","25 - Earthful Beauty i Sheet Mask Verbena Scent - 30 Sheet\004_6_9623ab31-f6ac-40f6-93f7-d174db345720.png"
"Earthful Beauty i Sheet Mask Verbena Scent - 30 Sheet","earthful-beauty-i-sheet-mask-verbena-scent-30-sheet","https://sakura-beauty-lab.com/products/earthful-beauty-i-sheet-mask-verbena-scent-30-sheet","5","https://cdn.shopify.com/s/files/1/0866/2931/8961/files/7_b9617d10-a543-4af5-9667-d156908fc111.png?v=1719386084","25 - Earthful Beauty i Sheet Mask Verbena Scent - 30 Sheet\005_7_b9617d10-a543-4af5-9667-d156908fc111.png"
"Earthful Beauty i Sheet Mask Verbena Scent - 30 Sheet","earthful-beauty-i-sheet-mask-verbena-scent-30-sheet","https://sakura-beauty-lab.com/products/earthful-beauty-i-sheet-mask-verbena-scent-30-sheet","6","https://cdn.shopify.com/s/files/1/0866/2931/8961/files/2_ee09a649-405d-4c4c-ba26-66c80b8cf463.png?v=1719383582","25 - Earthful Beauty i Sheet Mask Verbena Scent - 30 Sheet\006_2_ee09a649-405d-4c4c-ba26-66c80b8cf463.png"
"Earthful Beauty i Sheet Mask Verbena Scent - 30 Sheet","earthful-beauty-i-sheet-mask-verbena-scent-30-sheet","https://sakura-beauty-lab.com/products/earthful-beauty-i-sheet-mask-verbena-scent-30-sheet","7","https://cdn.shopify.com/s/files/1/0866/2931/8961/files/a657bd3b9028857e2508b7b611c15657_cc05bc01-b492-4271-8033-a536cdc6085d.png?v=1719386128","25 - Earthful Beauty i Sheet Mask Verbena Scent - 30 Sheet\007_a657bd3b9028857e2508b7b611c15657_cc05bc01-b492-4271-8033-a536cdc6085d.png"
"Earthful Beauty i Sheet Mask Verbena Scent - 30 Sheet","earthful-beauty-i-sheet-mask-verbena-scent-30-sheet","https://sakura-beauty-lab.com/products/earthful-beauty-i-sheet-mask-verbena-scent-30-sheet","8","https://cdn.shopify.com/s/files/1/0866/2931/8961/files/2_57663132-a321-40a2-bee7-019514be79b0.png?v=1719386128","25 - Earthful Beauty i Sheet Mask Verbena Scent - 30 Sheet\008_2_57663132-a321-40a2-bee7-019514be79b0.png"
"Earthful Beauty i Sheet Mask Verbena Scent - 30 Sheet","earthful-beauty-i-sheet-mask-verbena-scent-30-sheet","https://sakura-beauty-lab.com/products/earthful-beauty-i-sheet-mask-verbena-scent-30-sheet","9","https://cdn.shopify.com/s/files/1/0866/2931/8961/files/3_abc6fb97-0271-48f2-b692-97808269b6f0.png?v=1719386133","25 - Earthful Beauty i Sheet Mask Verbena Scent - 30 Sheet\009_3_abc6fb97-0271-48f2-b692-97808269b6f0.png"
"Earthful Beauty i Sheet Mask Verbena Scent - 30 Sheet","earthful-beauty-i-sheet-mask-verbena-scent-30-sheet","https://sakura-beauty-lab.com/products/earthful-beauty-i-sheet-mask-verbena-scent-30-sheet","10","https://cdn.shopify.com/s/files/1/0866/2931/8961/files/9_3d232262-8cd3-4c86-83a5-5cc0b30d21fb.png?v=1719386140","25 - Earthful Beauty i Sheet Mask Verbena Scent - 30 Sheet\010_9_3d232262-8cd3-4c86-83a5-5cc0b30d21fb.png"
"Earthful Beauty i Sheet Mask Verbena Scent - 30 Sheet","earthful-beauty-i-sheet-mask-verbena-scent-30-sheet","https://sakura-beauty-lab.com/products/earthful-beauty-i-sheet-mask-verbena-scent-30-sheet","11","https://cdn.shopify.com/s/files/1/0866/2931/8961/files/8_8793ac56-f182-4ad3-baae-a512f78dc1c1.png?v=1719386145","25 - Earthful Beauty i Sheet Mask Verbena Scent - 30 Sheet\011_8_8793ac56-f182-4ad3-baae-a512f78dc1c1.png"
"Earthful Beauty i Sheet Mask Verbena Scent - 30 Sheet","earthful-beauty-i-sheet-mask-verbena-scent-30-sheet","https://sakura-beauty-lab.com/products/earthful-beauty-i-sheet-mask-verbena-scent-30-sheet","12","https://cdn.shopify.com/s/files/1/0866/2931/8961/files/12_ca055c45-599e-4eea-884c-29012b718fd1.png?v=1719386170","25 - Earthful Beauty i Sheet Mask Verbena Scent - 30 Sheet\012_12_ca055c45-599e-4eea-884c-29012b718fd1.png"
